Zone,Branch Name,BCCL executive name,City/Location,Name of hospitals,Hoispital Address,No. of rooms,Publication (TOI/ET/NBT/MT/MM),PO,Mode of Distribution (Direct BCCL / Indirect Vendor),"Billing Route 
(Direct by BCCL / via Dealer or Vendor)","Billing Price Category 
(Full / Discounted / Free)",Print-run,"Full cover price
(Rs)",Days of delivery,Billing Price per Copy (Rs),Dealer Commission (per copy in Rs),Vendor Commission (per copy in Rs),BCCL off role manpower Salary (Other Expenses),"Extra Handling Charges
(Rs) per month",Distribution Trail: Step 1 (Drop Point Details),Distribution Trail: Step 2 (Intermediate/Transit),Distribution Trail: Step 3 (placement in the stand/room),Timing: From First Drop Point,Final timing (placement in the stand),Personnel Responsible (Dealer/Vendor/BCCL Off-role),Proof of Delivery (Photos/WhatsApp/Signatures),"Frequency
(proof of delivery)",Remarks / Audit Notes
North,Lucknow,Rajesh Kapoor,Lucknow,Global Health Limited ,API Ansal,50,TOI,35,Direct by BCCL,Direct by BCCL,Discounted price,Lucknow UPC,4.28,Mon-Sun,0.0,0.0,0.0,0.0,0.0,hospital service gate,Front office / reception,By hospital housekeeping staff,05:30,06:30,Rajesh Kapoor,WhatsApp,Weekly,
North,Lucknow,Rajesh Kapoor,Lucknow,Global Health Limited ,API Ansal,50,NBT,35,Direct by BCCL,Direct by BCCL,Discounted price,Lucknow UPC,6.00,Mon-Sun,0.0,0.0,0.0,0.0,0.0,hospital service gate,Front office / reception,By hospital housekeeping staff,05:30,06:30,Rajesh Kapoor,WhatsApp,Weekly,
North,Chandigarh,ANKUR KHANNA,Chandigarh,Ivy Hopital,Mohali,,TOI,5,Indirect by Vendor,Indirect by Dealar or Vendor,Full price,Chandigarh city,4.50,Mon-Sun,NA,NA,NA,NA,NA,NA,NA,NA,NA,NA,NA,NA,NA,NA
North,Chandigarh,ANKUR KHANNA,Chandigarh,Max Hospital,Mohali,,TOI,5,Indirect by Vendor,Indirect by Dealar or Vendor,Full price,Chandigarh city,4.50,Mon-Sun,NA,NA,NA,NA,NA,NA,NA,NA,NA,NA,NA,NA,NA,NA
North,Chandigarh,ANKUR KHANNA,Chandigarh,Fortis Hospital,Mohali,,TOI,5,Indirect by Vendor,Indirect by Dealar or Vendor,Full price,Chandigarh city,4.50,Mon-Sun,NA,NA,NA,NA,NA,NA,NA,NA,NA,NA,NA,NA,NA,NA
North,Chandigarh,ANKUR KHANNA,Chandigarh,Silver Oaks,Mohali,,TOI,2,Indirect by Vendor,Indirect by Dealar or Vendor,Full price,Chandigarh city,4.50,Mon-Sun,NA,NA,NA,NA,NA,NA,NA,NA,NA,NA,NA,NA,NA,NA
North,Chandigarh,NAVEEN BANSAL,Chandigarh,AMCARE,Zirakpur,,TOI,2,Indirect by Vendor,Indirect by Dealar or Vendor,Full price,Chandigarh city,4.50,Mon-Sun,NA,NA,NA,NA,NA,NA,NA,NA,NA,NA,NA,NA,NA,NA
North,Chandigarh,KRISHAN VAID,Chandigarh,Grecians Hopital,Chandigarh,,TOI,1,Indirect by Vendor,Indirect by Dealar or Vendor,Full price,Chandigarh city,4.50,Mon-Sun,NA,NA,NA,NA,NA,NA,NA,NA,NA,NA,NA,NA,NA,NA
North,Chandigarh,KRISHAN VAID,Chandigarh,Chawla Nursing Home,Chandigarh,,TOI,1,Indirect by Vendor,Indirect by Dealar or Vendor,Full price,Chandigarh city,4.50,Mon-Sun,NA,NA,NA,NA,NA,NA,NA,NA,NA,NA,NA,NA,NA,NA
North,Chandigarh,KRISHAN VAID,Chandigarh,JP Eye Hospital,Chandigarh,,TOI,1,Indirect by Vendor,Indirect by Dealar or Vendor,Full price,Chandigarh city,4.50,Mon-Sun,NA,NA,NA,NA,NA,NA,NA,NA,NA,NA,NA,NA,NA,NA
North,Chandigarh,ANKUR KHANNA,Chandigarh,Shri Guru Harkishen Charitable Eye Hospital,Mohali,,TOI,1,Indirect by Vendor,Indirect by Dealar or Vendor,Full price,Chandigarh city,4.50,Mon-Sun,NA,NA,NA,NA,NA,NA,NA,NA,NA,NA,NA,NA,NA,NA
North,Chandigarh,KRISHAN VAID,Chandigarh,Shiwalik Hospital,Chandigarh,,TOI,1,Indirect by Vendor,Indirect by Dealar or Vendor,Full price,Chandigarh city,4.50,Mon-Sun,NA,NA,NA,NA,NA,NA,NA,NA,NA,NA,NA,NA,NA,NA
North,Chandigarh,KRISHAN VAID,Chandigarh,Cosmo Hospital,Chandigarh,,TOI,1,Indirect by Vendor,Indirect by Dealar or Vendor,Full price,Chandigarh city,4.50,Mon-Sun,NA,NA,NA,NA,NA,NA,NA,NA,NA,NA,NA,NA,NA,NA
North,Chandigarh,KRISHAN VAID,Chandigarh,Indus Hospital,Chandigarh,,TOI,1,Indirect by Vendor,Indirect by Dealar or Vendor,Full price,Chandigarh city,4.50,Mon-Sun,NA,NA,NA,NA,NA,NA,NA,NA,NA,NA,NA,NA,NA,NA
North,Jaipur,,Jaipur,HEMEOPATHIC TREATMENT CENTRE,,,TOI,1,Indirect Vendor,Via Dealer,Full,Jaipur City,3.50,Mon-Sun,2.2,0.2,1.2,0.0,0.0,hospital service gate,Front office / reception,By hospital housekeeping staff,05:30,06:30,,WhatsApp,Weekly,
North,Jaipur,,Jaipur,Lifecare Ultrasound & Diagnostic Centre,,,TOI,1,Indirect Vendor,Via Dealer,Full,Jaipur City,3.50,Mon-Sun,2.2,0.2,1.2,0.0,0.0,hospital service gate,Front office / reception,By hospital housekeeping staff,05:30,06:30,,WhatsApp,Weekly,
North,Jaipur,,Jaipur,Jain X-ray & Diagnostic Centre,,,TOI,1,Indirect Vendor,Via Dealer,Full,Jaipur City,3.50,Mon-Sun,2.2,0.2,1.2,0.0,0.0,hospital service gate,Front office / reception,By hospital housekeeping staff,05:30,06:30,,WhatsApp,Weekly,
North,Jaipur,,Jaipur,A K Diagnostic Centre,Jhotwara,1,TOI,1,Indirect Vendor,Via Dealer,Full,Jaipur City,3.50,Mon-Sun,2.2,0.2,1.2,0.0,0.0,hospital service gate,Front office / reception,By hospital housekeeping staff,05:30,06:30,,WhatsApp,Weekly,
North,Jaipur,,Jaipur,B lal lab,,,TOI,1,Indirect Vendor,Via Dealer,Full,Jaipur City,3.50,Mon-Sun,2.2,0.2,1.2,0.0,0.0,hospital service gate,Front office / reception,By hospital housekeeping staff,05:30,06:30,,WhatsApp,Weekly,
North,Jaipur,,Jaipur,religare,,,TOI,1,Indirect Vendor,Via Dealer,Full,Jaipur City,3.50,Mon-Sun,2.2,0.2,1.2,0.0,0.0,hospital service gate,Front office / reception,By hospital housekeeping staff,05:30,06:30,,WhatsApp,Weekly,
North,Jaipur,,Jaipur,scientific dignostic ,,,TOI,1,Indirect Vendor,Via Dealer,Full,Jaipur City,3.50,Mon-Sun,2.2,0.2,1.2,0.0,0.0,hospital service gate,Front office / reception,By hospital housekeeping staff,05:30,06:30,,WhatsApp,Weekly,
North,Jaipur,TARUN CHEEMA,Jaipur,Metro Mas Hospital,MANSAROVAR,350,TOI,1,Indirect Vendor,Via Dealer,Full,Jaipur City,3.50,Mon-Sun,2.2,0.2,1.2,0.0,0.0,hospital service gate,Front office / reception,By hospital housekeeping staff,05:30,06:30,,WhatsApp,Weekly,
North,Jaipur,TARUN CHEEMA,Jaipur,Tagore Hospital,MANSAROVAR,300,TOI,1,Indirect Vendor,Via Dealer,Full,Jaipur City,3.50,Mon-Sun,2.2,0.2,1.2,0.0,0.0,hospital service gate,Front office / reception,By hospital housekeeping staff,05:30,06:30,,WhatsApp,Weekly,
North,Jaipur,,Jaipur,Gem Hospital,,,TOI,1,Indirect Vendor,Via Dealer,Full,Jaipur City,3.50,Mon-Sun,2.2,0.2,1.2,0.0,0.0,hospital service gate,Front office / reception,By hospital housekeeping staff,05:30,06:30,,WhatsApp,Weekly,
North,Jaipur,,Jaipur,Bani Park Hospital,,,TOI,1,Indirect Vendor,Via Dealer,Full,Jaipur City,3.50,Mon-Sun,2.2,0.2,1.2,0.0,0.0,hospital service gate,Front office / reception,By hospital housekeeping staff,05:30,06:30,,WhatsApp,Weekly,
North,Jaipur,,Jaipur,Mahatma Gandhi Hospital,,,TOI,2,Indirect Vendor,Via Dealer,Full,Jaipur City,3.50,Mon-Sun,2.2,0.2,1.2,0.0,0.0,hospital service gate,Front office / reception,By hospital housekeeping staff,05:30,06:30,,WhatsApp,Weekly,
North,Jaipur,,Jaipur,Naryana Hrudayaliya,,,TOI,1,Indirect Vendor,Via Dealer,Full,Jaipur City,3.50,Mon-Sun,2.2,0.2,1.2,0.0,0.0,hospital service gate,Front office / reception,By hospital housekeeping staff,05:30,06:30,,WhatsApp,Weekly,
North,Jaipur,TARUN CHEEMA,Jaipur,J K LONE,JLN MARG,175,TOI,1,Indirect Vendor,Via Dealer,Full,Jaipur City,3.50,Mon-Sun,2.2,0.2,1.2,0.0,0.0,hospital service gate,Front office / reception,By hospital housekeeping staff,05:30,06:30,,WhatsApp,Weekly,
North,Jaipur,TARUN CHEEMA,Jaipur,SANTOKBA DURLAB JI,RAM BAGH CIRCEL,300,TOI,1,Indirect Vendor,Via Dealer,Full,Jaipur City,3.50,Mon-Sun,2.2,0.2,1.2,0.0,0.0,hospital service gate,Front office / reception,By hospital housekeeping staff,05:30,06:30,,WhatsApp,Weekly,
North,Jaipur,TARUN CHEEMA,Jaipur,SAWAI MAN SINGH HOSPITAL,TONK ROAD,400,TOI,1,Indirect Vendor,Via Dealer,Full,Jaipur City,3.50,Mon-Sun,2.2,0.2,1.2,0.0,0.0,hospital service gate,Front office / reception,By hospital housekeeping staff,05:30,06:30,,WhatsApp,Weekly,
North,Jaipur,TARUN CHEEMA,Jaipur,SONI HOSPITAL ,JLN MARGH,300,TOI,1,Indirect Vendor,Via Dealer,Full,Jaipur City,3.50,Mon-Sun,2.2,0.2,1.2,0.0,0.0,hospital service gate,Front office / reception,By hospital housekeeping staff,05:30,06:30,,WhatsApp,Weekly,
North,Jaipur,TARUN CHEEMA,Jaipur,TONGIA HOSPITAL,C-SCHEME,300,TOI,1,Indirect Vendor,Via Dealer,Full,Jaipur City,3.50,Mon-Sun,2.2,0.2,1.2,0.0,0.0,hospital service gate,Front office / reception,By hospital housekeeping staff,05:30,06:30,,WhatsApp,Weekly,
North,Jaipur,,Jaipur,JAIN HOSPITAL,,,TOI,1,Indirect Vendor,Via Dealer,Full,Jaipur City,3.50,Mon-Sun,2.2,0.2,1.2,0.0,0.0,hospital service gate,Front office / reception,By hospital housekeeping staff,05:30,06:30,,WhatsApp,Weekly,
North,Jaipur,,Jaipur,MITTAL HOSPITAL,,,TOI,1,Indirect Vendor,Via Dealer,Full,Jaipur City,3.50,Mon-Sun,2.2,0.2,1.2,0.0,0.0,hospital service gate,Front office / reception,By hospital housekeeping staff,05:30,06:30,,WhatsApp,Weekly,
North,Jaipur,,Jaipur,SONI MANIPAL HOSPITAL,Vidhyadhar Nagar,280,TOI,2,Indirect Vendor,Via Dealer,Full,Jaipur City,3.50,Mon-Sun,2.2,0.2,1.2,0.0,0.0,hospital service gate,Front office / reception,By hospital housekeeping staff,05:30,06:30,,WhatsApp,Weekly,
North,Jaipur,,Jaipur,DANA SHIVAM HEART HOSPITAL,Vidhyadhar Nagar,100,TOI,1,Indirect Vendor,Via Dealer,Full,Jaipur City,3.50,Mon-Sun,2.2,0.2,1.2,0.0,0.0,hospital service gate,Front office / reception,By hospital housekeeping staff,05:30,06:30,,WhatsApp,Weekly,
North,Jaipur,,Jaipur,AGRASEN HOSPITAL,Vidhyadhar Nagar,250,TOI,1,Indirect Vendor,Via Dealer,Full,Jaipur City,3.50,Mon-Sun,2.2,0.2,1.2,0.0,0.0,hospital service gate,Front office / reception,By hospital housekeeping staff,05:30,06:30,,WhatsApp,Weekly,
North,Jaipur,,Jaipur,NAVKAR HOSPITAL,,,TOI,1,Indirect Vendor,Via Dealer,Full,Jaipur City,3.50,Mon-Sun,2.2,0.2,1.2,0.0,0.0,hospital service gate,Front office / reception,By hospital housekeeping staff,05:30,06:30,,WhatsApp,Weekly,
North,Jaipur,,Jaipur,DEEP HOSPITAL,Jhotwara,100,TOI,1,Indirect Vendor,Via Dealer,Full,Jaipur City,3.50,Mon-Sun,2.2,0.2,1.2,0.0,0.0,hospital service gate,Front office / reception,By hospital housekeeping staff,05:30,06:30,,WhatsApp,Weekly,
North,Jaipur,,Jaipur,C K Birla Hospital,,,TOI,1,Indirect Vendor,Via Dealer,Full,Jaipur City,3.50,Mon-Sun,2.2,0.2,1.2,0.0,0.0,hospital service gate,Front office / reception,By hospital housekeeping staff,05:30,06:30,,WhatsApp,Weekly,
North,Jaipur,,Jaipur,Aditya Hospital,,,TOI,1,Indirect Vendor,Via Dealer,Full,Jaipur City,3.50,Mon-Sun,2.2,0.2,1.2,0.0,0.0,hospital service gate,Front office / reception,By hospital housekeeping staff,05:30,06:30,,WhatsApp,Weekly,
North,Jaipur,,Jaipur,Deepmala Pagarani Hospital,,,TOI,1,Indirect Vendor,Via Dealer,Full,Jaipur City,3.50,Mon-Sun,2.2,0.2,1.2,0.0,0.0,hospital service gate,Front office / reception,By hospital housekeeping staff,05:30,06:30,,WhatsApp,Weekly,
North,Jaipur,,Jaipur,Shree Balaji Hospital,,,TOI,1,Indirect Vendor,Via Dealer,Full,Jaipur City,3.50,Mon-Sun,2.2,0.2,1.2,0.0,0.0,hospital service gate,Front office / reception,By hospital housekeeping staff,05:30,06:30,,WhatsApp,Weekly,
North,Jaipur,,Jaipur,Yashika Eye Hospital,,,TOI,1,Indirect Vendor,Via Dealer,Full,Jaipur City,3.50,Mon-Sun,2.2,0.2,1.2,0.0,0.0,hospital service gate,Front office / reception,By hospital housekeeping staff,05:30,06:30,,WhatsApp,Weekly,
North,Jaipur,,Jaipur,Gattani Hospital,,,TOI,1,Indirect Vendor,Via Dealer,Full,Jaipur City,3.50,Mon-Sun,2.2,0.2,1.2,0.0,0.0,hospital service gate,Front office / reception,By hospital housekeeping staff,05:30,06:30,,WhatsApp,Weekly,
North,Jaipur,,Jaipur,Medipulse Hospital,,,TOI,2,Indirect Vendor,Via Dealer,Full,Jaipur City,3.50,Mon-Sun,2.2,0.2,1.2,0.0,0.0,hospital service gate,Front office / reception,By hospital housekeeping staff,05:30,06:30,,WhatsApp,Weekly,
North,Jaipur,,Jaipur,Mahaveer ENT Hospital,,,TOI,1,Indirect Vendor,Via Dealer,Full,Jaipur City,3.50,Mon-Sun,2.2,0.2,1.2,0.0,0.0,hospital service gate,Front office / reception,By hospital housekeeping staff,05:30,06:30,,WhatsApp,Weekly,
North,Jaipur,,Jaipur,Binnani Hospital ,,,TOI,1,Indirect Vendor,Via Dealer,Full,Jaipur City,3.50,Mon-Sun,2.2,0.2,1.2,0.0,0.0,hospital service gate,Front office / reception,By hospital housekeeping staff,05:30,06:30,,WhatsApp,Weekly,
North,Jaipur,,Jaipur,Darshan Hospital,,,TOI,1,Indirect Vendor,Via Dealer,Full,Jaipur City,3.50,Mon-Sun,2.2,0.2,1.2,0.0,0.0,hospital service gate,Front office / reception,By hospital housekeeping staff,05:30,06:30,,WhatsApp,Weekly,
North,Jaipur,,Jaipur,Gupta ENT & Heart Centre,,,TOI,1,Indirect Vendor,Via Dealer,Full,Jaipur City,3.50,Mon-Sun,2.2,0.2,1.2,0.0,0.0,hospital service gate,Front office / reception,By hospital housekeeping staff,05:30,06:30,,WhatsApp,Weekly,
North,Jaipur,,Jaipur,Vijay Hospital,,,TOI,1,Indirect Vendor,Via Dealer,Full,Jaipur City,3.50,Mon-Sun,2.2,0.2,1.2,0.0,0.0,hospital service gate,Front office / reception,By hospital housekeeping staff,05:30,06:30,,WhatsApp,Weekly,
North,Jaipur,,Jaipur,Bhagwan Mahaveer cancer hospital,,,TOI,1,Indirect Vendor,Via Dealer,Full,Jaipur City,3.50,Mon-Sun,2.2,0.2,1.2,0.0,0.0,hospital service gate,Front office / reception,By hospital housekeeping staff,05:30,06:30,,WhatsApp,Weekly,
North,Jaipur,,Jaipur,Jeevan rekha Multispecialty hospital,,,TOI,1,Indirect Vendor,Via Dealer,Full,Jaipur City,3.50,Mon-Sun,2.2,0.2,1.2,0.0,0.0,hospital service gate,Front office / reception,By hospital housekeeping staff,05:30,06:30,,WhatsApp,Weekly,
North,Jaipur,TARUN CHEEMA,Jaipur,Saket Hospital,MANSAROVAR,150,TOI,1,Indirect Vendor,Via Dealer,Full,Jaipur City,3.50,Mon-Sun,2.2,0.2,1.2,0.0,0.0,hospital service gate,Front office / reception,By hospital housekeeping staff,05:30,06:30,,WhatsApp,Weekly,
North,Jaipur,,Jaipur,Shalby Hospital,,,TOI,1,Indirect Vendor,Via Dealer,Full,Jaipur City,3.50,Mon-Sun,2.2,0.2,1.2,0.0,0.0,hospital service gate,Front office / reception,By hospital housekeeping staff,05:30,06:30,,WhatsApp,Weekly,
North,Jaipur,,Jaipur,Rajdhani Hospital,,,TOI,1,Indirect Vendor,Via Dealer,Full,Jaipur City,3.50,Mon-Sun,2.2,0.2,1.2,0.0,0.0,hospital service gate,Front office / reception,By hospital housekeeping staff,05:30,06:30,,WhatsApp,Weekly,
North,Jaipur,,Jaipur,Khandaka Hospital,Kalwar Road,100,TOI,1,Indirect Vendor,Via Dealer,Full,Jaipur City,3.50,Mon-Sun,2.2,0.2,1.2,0.0,0.0,hospital service gate,Front office / reception,By hospital housekeeping staff,05:30,06:30,,WhatsApp,Weekly,
North,Jaipur,,Jaipur,Chirayu Hospital,Kalwar Road,200,TOI,1,Indirect Vendor,Via Dealer,Full,Jaipur City,3.50,Mon-Sun,2.2,0.2,1.2,0.0,0.0,hospital service gate,Front office / reception,By hospital housekeeping staff,05:30,06:30,,WhatsApp,Weekly,
North,Jaipur,,Jaipur,Preeti Meternity Hospital,,,TOI,1,Indirect Vendor,Via Dealer,Full,Jaipur City,3.50,Mon-Sun,2.2,0.2,1.2,0.0,0.0,hospital service gate,Front office / reception,By hospital housekeeping staff,05:30,06:30,,WhatsApp,Weekly,
North,Jaipur,,Jaipur,Prakash Mother & Child Hospital,,,TOI,1,Indirect Vendor,Via Dealer,Full,Jaipur City,3.50,Mon-Sun,2.2,0.2,1.2,0.0,0.0,hospital service gate,Front office / reception,By hospital housekeeping staff,05:30,06:30,,WhatsApp,Weekly,
North,Jaipur,,Jaipur,Dr Virendra laser phaco surgery center,,,TOI,1,Indirect Vendor,Via Dealer,Full,Jaipur City,3.50,Mon-Sun,2.2,0.2,1.2,0.0,0.0,hospital service gate,Front office / reception,By hospital housekeeping staff,05:30,06:30,,WhatsApp,Weekly,
,,,,,,,,,,,,,,,,,,,,,,,,,,,,
,,,,,,,,,,,,,,,,,,,,,,,,,,,,
,,,,,,,,,,,,,,,,,,,,,,,,,,,,
,,,,,,,,,,,,,,,,,,,,,,,,,,,,
,,,,,,,,,,,,,,,,,,,,,,,,,,,,
,,,,,,,,,,,,,,,,,,,,,,,,,,,,
,,,,,,,,,,,,,,,,,,,,,,,,,,,,
,,,,,,,,,,,,,,,,,,,,,,,,,,,,
,,,,,,,,,,,,,,,,,,,,,,,,,,,,
,,,,,,,,,,,,,,,,,,,,,,,,,,,,
,,,,,,,,,,,,,,,,,,,,,,,,,,,,
,,,,,,,,,,,,,,,,,,,,,,,,,,,,
,,,,,,,,,,,,,,,,,,,,,,,,,,,,
,,,,,,,,,,,,,,,,,,,,,,,,,,,,
,,,,,,,,,,,,,,,,,,,,,,,,,,,,
,,,,,,,,,,,,,,,,,,,,,,,,,,,,
,,,,,,,,,,,,,,,,,,,,,,,,,,,,
,,,,,,,,,,,,,,,,,,,,,,,,,,,,
,,,,,,,,,,,,,,,,,,,,,,,,,,,,
,,,,,,,,,,,,,,,,,,,,,,,,,,,,
,,,,,,,,,,,,,,,,,,,,,,,,,,,,
,,,,,,,,,,,,,,,,,,,,,,,,,,,,
,,,,,,,,,,,,,,,,,,,,,,,,,,,,
,,,,,,,,,,,,,,,,,,,,,,,,,,,,
,,,,,,,,,,,,,,,,,,,,,,,,,,,,
,,,,,,,,,,,,,,,,,,,,,,,,,,,,
,,,,,,,,,,,,,,,,,,,,,,,,,,,,
,,,,,,,,,,,,,,,,,,,,,,,,,,,,
,,,,,,,,,,,,,,,,,,,,,,,,,,,,
,,,,,,,,,,,,,,,,,,,,,,,,,,,,
,,,,,,,,,,,,,,,,,,,,,,,,,,,,
,,,,,,,,,,,,,,,,,,,,,,,,,,,,
,,,,,,,,,,,,,,,,,,,,,,,,,,,,
,,,,,,,,,,,,,,,,,,,,,,,,,,,,
,,,,,,,,,,,,,,,,,,,,,,,,,,,,
,,,,,,,,,,,,,,,,,,,,,,,,,,,,
,,,,,,,,,,,,,,,,,,,,,,,,,,,,
,,,,,,,,,,,,,,,,,,,,,,,,,,,,
,,,,,,,,,,,,,,,,,,,,,,,,,,,,
,,,,,,,,,,,,,,,,,,,,,,,,,,,,
,,,,,,,,,,,,,,,,,,,,,,,,,,,,
,,,,,,,,,,,,,,,,,,,,,,,,,,,,
,,,,,,,,,,,,,,,,,,,,,,,,,,,,
,,,,,,,,,,,,,,,,,,,,,,,,,,,,
,,,,,,,,,,,,,,,,,,,,,,,,,,,,
,,,,,,,,,,,,,,,,,,,,,,,,,,,,
,,,,,,,,,,,,,,,,,,,,,,,,,,,,
,,,,,,,,,,,,,,,,,,,,,,,,,,,,
,,,,,,,,,,,,,,,,,,,,,,,,,,,,
,,,,,,,,,,,,,,,,,,,,,,,,,,,,
,,,,,,,,,,,,,,,,,,,,,,,,,,,,
,,,,,,,,,,,,,,,,,,,,,,,,,,,,
,,,,,,,,,,,,,,,,,,,,,,,,,,,,
,,,,,,,,,,,,,,,,,,,,,,,,,,,,
,,,,,,,,,,,,,,,,,,,,,,,,,,,,
,,,,,,,,,,,,,,,,,,,,,,,,,,,,
,,,,,,,,,,,,,,,,,,,,,,,,,,,,
,,,,,,,,,,,,,,,,,,,,,,,,,,,,
,,,,,,,,,,,,,,,,,,,,,,,,,,,,
,,,,,,,,,,,,,,,,,,,,,,,,,,,,
,,,,,,,,,,,,,,,,,,,,,,,,,,,,
,,,,,,,,,,,,,,,,,,,,,,,,,,,,
,,,,,,,,,,,,,,,,,,,,,,,,,,,,
,,,,,,,,,,,,,,,,,,,,,,,,,,,,
,,,,,,,,,,,,,,,,,,,,,,,,,,,,
,,,,,,,,,,,,,,,,,,,,,,,,,,,,
,,,,,,,,,,,,,,,,,,,,,,,,,,,,
,,,,,,,,,,,,,,,,,,,,,,,,,,,,
,,,,,,,,,,,,,,,,,,,,,,,,,,,,
,,,,,,,,,,,,,,,,,,,,,,,,,,,,
,,,,,,,,,,,,,,,,,,,,,,,,,,,,
,,,,,,,,,,,,,,,,,,,,,,,,,,,,
,,,,,,,,,,,,,,,,,,,,,,,,,,,,
,,,,,,,,,,,,,,,,,,,,,,,,,,,,
,,,,,,,,,,,,,,,,,,,,,,,,,,,,
,,,,,,,,,,,,,,,,,,,,,,,,,,,,
,,,,,,,,,,,,,,,,,,,,,,,,,,,,
,,,,,,,,,,,,,,,,,,,,,,,,,,,,
,,,,,,,,,,,,,,,,,,,,,,,,,,,,
,,,,,,,,,,,,,,,,,,,,,,,,,,,,
,,,,,,,,,,,,,,,,,,,,,,,,,,,,
,,,,,,,,,,,,,,,,,,,,,,,,,,,,
,,,,,,,,,,,,,,,,,,,,,,,,,,,,
,,,,,,,,,,,,,,,,,,,,,,,,,,,,
,,,,,,,,,,,,,,,,,,,,,,,,,,,,
,,,,,,,,,,,,,,,,,,,,,,,,,,,,
,,,,,,,,,,,,,,,,,,,,,,,,,,,,
,,,,,,,,,,,,,,,,,,,,,,,,,,,,
,,,,,,,,,,,,,,,,,,,,,,,,,,,,
,,,,,,,,,,,,,,,,,,,,,,,,,,,,
,,,,,,,,,,,,,,,,,,,,,,,,,,,,
,,,,,,,,,,,,,,,,,,,,,,,,,,,,
,,,,,,,,,,,,,,,,,,,,,,,,,,,,
,,,,,,,,,,,,,,,,,,,,,,,,,,,,
,,,,,,,,,,,,,,,,,,,,,,,,,,,,
,,,,,,,,,,,,,,,,,,,,,,,,,,,,
,,,,,,,,,,,,,,,,,,,,,,,,,,,,
,,,,,,,,,,,,,,,,,,,,,,,,,,,,
,,,,,,,,,,,,,,,,,,,,,,,,,,,,
,,,,,,,,,,,,,,,,,,,,,,,,,,,,
,,,,,,,,,,,,,,,,,,,,,,,,,,,,
,,,,,,,,,,,,,,,,,,,,,,,,,,,,
,,,,,,,,,,,,,,,,,,,,,,,,,,,,
,,,,,,,,,,,,,,,,,,,,,,,,,,,,
,,,,,,,,,,,,,,,,,,,,,,,,,,,,
,,,,,,,,,,,,,,,,,,,,,,,,,,,,
,,,,,,,,,,,,,,,,,,,,,,,,,,,,
,,,,,,,,,,,,,,,,,,,,,,,,,,,,
,,,,,,,,,,,,,,,,,,,,,,,,,,,,
,,,,,,,,,,,,,,,,,,,,,,,,,,,,
,,,,,,,,,,,,,,,,,,,,,,,,,,,,
,,,,,,,,,,,,,,,,,,,,,,,,,,,,
,,,,,,,,,,,,,,,,,,,,,,,,,,,,
,,,,,,,,,,,,,,,,,,,,,,,,,,,,
,,,,,,,,,,,,,,,,,,,,,,,,,,,,
,,,,,,,,,,,,,,,,,,,,,,,,,,,,
,,,,,,,,,,,,,,,,,,,,,,,,,,,,
,,,,,,,,,,,,,,,,,,,,,,,,,,,,
,,,,,,,,,,,,,,,,,,,,,,,,,,,,
,,,,,,,,,,,,,,,,,,,,,,,,,,,,
,,,,,,,,,,,,,,,,,,,,,,,,,,,,
,,,,,,,,,,,,,,,,,,,,,,,,,,,,
,,,,,,,,,,,,,,,,,,,,,,,,,,,,
,,,,,,,,,,,,,,,,,,,,,,,,,,,,
,,,,,,,,,,,,,,,,,,,,,,,,,,,,
,,,,,,,,,,,,,,,,,,,,,,,,,,,,
,,,,,,,,,,,,,,,,,,,,,,,,,,,,
,,,,,,,,,,,,,,,,,,,,,,,,,,,,
,,,,,,,,,,,,,,,,,,,,,,,,,,,,
,,,,,,,,,,,,,,,,,,,,,,,,,,,,
,,,,,,,,,,,,,,,,,,,,,,,,,,,,
,,,,,,,,,,,,,,,,,,,,,,,,,,,,
,,,,,,,,,,,,,,,,,,,,,,,,,,,,
,,,,,,,,,,,,,,,,,,,,,,,,,,,,
,,,,,,,,,,,,,,,,,,,,,,,,,,,,
,,,,,,,,,,,,,,,,,,,,,,,,,,,,
,,,,,,,,,,,,,,,,,,,,,,,,,,,,
,,,,,,,,,,,,,,,,,,,,,,,,,,,,
,,,,,,,,,,,,,,,,,,,,,,,,,,,,
,,,,,,,,,,,,,,,,,,,,,,,,,,,,
,,,,,,,,,,,,,,,,,,,,,,,,,,,,
,,,,,,,,,,,,,,,,,,,,,,,,,,,,
,,,,,,,,,,,,,,,,,,,,,,,,,,,,
,,,,,,,,,,,,,,,,,,,,,,,,,,,,
,,,,,,,,,,,,,,,,,,,,,,,,,,,,
,,,,,,,,,,,,,,,,,,,,,,,,,,,,
,,,,,,,,,,,,,,,,,,,,,,,,,,,,
,,,,,,,,,,,,,,,,,,,,,,,,,,,,
,,,,,,,,,,,,,,,,,,,,,,,,,,,,
,,,,,,,,,,,,,,,,,,,,,,,,,,,,
,,,,,,,,,,,,,,,,,,,,,,,,,,,,
,,,,,,,,,,,,,,,,,,,,,,,,,,,,
,,,,,,,,,,,,,,,,,,,,,,,,,,,,
,,,,,,,,,,,,,,,,,,,,,,,,,,,,
,,,,,,,,,,,,,,,,,,,,,,,,,,,,
,,,,,,,,,,,,,,,,,,,,,,,,,,,,
,,,,,,,,,,,,,,,,,,,,,,,,,,,,
,,,,,,,,,,,,,,,,,,,,,,,,,,,,
,,,,,,,,,,,,,,,,,,,,,,,,,,,,
,,,,,,,,,,,,,,,,,,,,,,,,,,,,
,,,,,,,,,,,,,,,,,,,,,,,,,,,,
,,,,,,,,,,,,,,,,,,,,,,,,,,,,
,,,,,,,,,,,,,,,,,,,,,,,,,,,,
,,,,,,,,,,,,,,,,,,,,,,,,,,,,
,,,,,,,,,,,,,,,,,,,,,,,,,,,,
,,,,,,,,,,,,,,,,,,,,,,,,,,,,
,,,,,,,,,,,,,,,,,,,,,,,,,,,,
,,,,,,,,,,,,,,,,,,,,,,,,,,,,
,,,,,,,,,,,,,,,,,,,,,,,,,,,,
,,,,,,,,,,,,,,,,,,,,,,,,,,,,
,,,,,,,,,,,,,,,,,,,,,,,,,,,,
,,,,,,,,,,,,,,,,,,,,,,,,,,,,
,,,,,,,,,,,,,,,,,,,,,,,,,,,,
,,,,,,,,,,,,,,,,,,,,,,,,,,,,
,,,,,,,,,,,,,,,,,,,,,,,,,,,,
,,,,,,,,,,,,,,,,,,,,,,,,,,,,
,,,,,,,,,,,,,,,,,,,,,,,,,,,,
,,,,,,,,,,,,,,,,,,,,,,,,,,,,
,,,,,,,,,,,,,,,,,,,,,,,,,,,,
,,,,,,,,,,,,,,,,,,,,,,,,,,,,
,,,,,,,,,,,,,,,,,,,,,,,,,,,,
,,,,,,,,,,,,,,,,,,,,,,,,,,,,
,,,,,,,,,,,,,,,,,,,,,,,,,,,,
,,,,,,,,,,,,,,,,,,,,,,,,,,,,
,,,,,,,,,,,,,,,,,,,,,,,,,,,,
,,,,,,,,,,,,,,,,,,,,,,,,,,,,
,,,,,,,,,,,,,,,,,,,,,,,,,,,,
,,,,,,,,,,,,,,,,,,,,,,,,,,,,
,,,,,,,,,,,,,,,,,,,,,,,,,,,,
,,,,,,,,,,,,,,,,,,,,,,,,,,,,
,,,,,,,,,,,,,,,,,,,,,,,,,,,,
,,,,,,,,,,,,,,,,,,,,,,,,,,,,
,,,,,,,,,,,,,,,,,,,,,,,,,,,,
,,,,,,,,,,,,,,,,,,,,,,,,,,,,
,,,,,,,,,,,,,,,,,,,,,,,,,,,,
,,,,,,,,,,,,,,,,,,,,,,,,,,,,
,,,,,,,,,,,,,,,,,,,,,,,,,,,,
,,,,,,,,,,,,,,,,,,,,,,,,,,,,
,,,,,,,,,,,,,,,,,,,,,,,,,,,,
,,,,,,,,,,,,,,,,,,,,,,,,,,,,
,,,,,,,,,,,,,,,,,,,,,,,,,,,,
,,,,,,,,,,,,,,,,,,,,,,,,,,,,
,,,,,,,,,,,,,,,,,,,,,,,,,,,,
,,,,,,,,,,,,,,,,,,,,,,,,,,,,
,,,,,,,,,,,,,,,,,,,,,,,,,,,,
,,,,,,,,,,,,,,,,,,,,,,,,,,,,
,,,,,,,,,,,,,,,,,,,,,,,,,,,,
,,,,,,,,,,,,,,,,,,,,,,,,,,,,
,,,,,,,,,,,,,,,,,,,,,,,,,,,,
,,,,,,,,,,,,,,,,,,,,,,,,,,,,
,,,,,,,,,,,,,,,,,,,,,,,,,,,,
,,,,,,,,,,,,,,,,,,,,,,,,,,,,
,,,,,,,,,,,,,,,,,,,,,,,,,,,,
,,,,,,,,,,,,,,,,,,,,,,,,,,,,
,,,,,,,,,,,,,,,,,,,,,,,,,,,,
,,,,,,,,,,,,,,,,,,,,,,,,,,,,
,,,,,,,,,,,,,,,,,,,,,,,,,,,,
,,,,,,,,,,,,,,,,,,,,,,,,,,,,
,,,,,,,,,,,,,,,,,,,,,,,,,,,,
,,,,,,,,,,,,,,,,,,,,,,,,,,,,
,,,,,,,,,,,,,,,,,,,,,,,,,,,,
,,,,,,,,,,,,,,,,,,,,,,,,,,,,
,,,,,,,,,,,,,,,,,,,,,,,,,,,,
,,,,,,,,,,,,,,,,,,,,,,,,,,,,
,,,,,,,,,,,,,,,,,,,,,,,,,,,,
,,,,,,,,,,,,,,,,,,,,,,,,,,,,
,,,,,,,,,,,,,,,,,,,,,,,,,,,,
,,,,,,,,,,,,,,,,,,,,,,,,,,,,
,,,,,,,,,,,,,,,,,,,,,,,,,,,,
,,,,,,,,,,,,,,,,,,,,,,,,,,,,
,,,,,,,,,,,,,,,,,,,,,,,,,,,,
,,,,,,,,,,,,,,,,,,,,,,,,,,,,
,,,,,,,,,,,,,,,,,,,,,,,,,,,,
,,,,,,,,,,,,,,,,,,,,,,,,,,,,
,,,,,,,,,,,,,,,,,,,,,,,,,,,,
,,,,,,,,,,,,,,,,,,,,,,,,,,,,
,,,,,,,,,,,,,,,,,,,,,,,,,,,,
,,,,,,,,,,,,,,,,,,,,,,,,,,,,
,,,,,,,,,,,,,,,,,,,,,,,,,,,,
,,,,,,,,,,,,,,,,,,,,,,,,,,,,
,,,,,,,,,,,,,,,,,,,,,,,,,,,,
,,,,,,,,,,,,,,,,,,,,,,,,,,,,
,,,,,,,,,,,,,,,,,,,,,,,,,,,,
,,,,,,,,,,,,,,,,,,,,,,,,,,,,
,,,,,,,,,,,,,,,,,,,,,,,,,,,,
,,,,,,,,,,,,,,,,,,,,,,,,,,,,
,,,,,,,,,,,,,,,,,,,,,,,,,,,,
,,,,,,,,,,,,,,,,,,,,,,,,,,,,
,,,,,,,,,,,,,,,,,,,,,,,,,,,,
,,,,,,,,,,,,,,,,,,,,,,,,,,,,
,,,,,,,,,,,,,,,,,,,,,,,,,,,,
,,,,,,,,,,,,,,,,,,,,,,,,,,,,
,,,,,,,,,,,,,,,,,,,,,,,,,,,,
,,,,,,,,,,,,,,,,,,,,,,,,,,,,
,,,,,,,,,,,,,,,,,,,,,,,,,,,,
,,,,,,,,,,,,,,,,,,,,,,,,,,,,
,,,,,,,,,,,,,,,,,,,,,,,,,,,,
,,,,,,,,,,,,,,,,,,,,,,,,,,,,
,,,,,,,,,,,,,,,,,,,,,,,,,,,,
,,,,,,,,,,,,,,,,,,,,,,,,,,,,
,,,,,,,,,,,,,,,,,,,,,,,,,,,,
,,,,,,,,,,,,,,,,,,,,,,,,,,,,
,,,,,,,,,,,,,,,,,,,,,,,,,,,,
,,,,,,,,,,,,,,,,,,,,,,,,,,,,
,,,,,,,,,,,,,,,,,,,,,,,,,,,,
,,,,,,,,,,,,,,,,,,,,,,,,,,,,
,,,,,,,,,,,,,,,,,,,,,,,,,,,,
,,,,,,,,,,,,,,,,,,,,,,,,,,,,
,,,,,,,,,,,,,,,,,,,,,,,,,,,,
,,,,,,,,,,,,,,,,,,,,,,,,,,,,
,,,,,,,,,,,,,,,,,,,,,,,,,,,,
,,,,,,,,,,,,,,,,,,,,,,,,,,,,
,,,,,,,,,,,,,,,,,,,,,,,,,,,,
,,,,,,,,,,,,,,,,,,,,,,,,,,,,
,,,,,,,,,,,,,,,,,,,,,,,,,,,,
,,,,,,,,,,,,,,,,,,,,,,,,,,,,
,,,,,,,,,,,,,,,,,,,,,,,,,,,,
,,,,,,,,,,,,,,,,,,,,,,,,,,,,
,,,,,,,,,,,,,,,,,,,,,,,,,,,,
,,,,,,,,,,,,,,,,,,,,,,,,,,,,
,,,,,,,,,,,,,,,,,,,,,,,,,,,,
,,,,,,,,,,,,,,,,,,,,,,,,,,,,
,,,,,,,,,,,,,,,,,,,,,,,,,,,,
,,,,,,,,,,,,,,,,,,,,,,,,,,,,
,,,,,,,,,,,,,,,,,,,,,,,,,,,,
,,,,,,,,,,,,,,,,,,,,,,,,,,,,
,,,,,,,,,,,,,,,,,,,,,,,,,,,,
,,,,,,,,,,,,,,,,,,,,,,,,,,,,
,,,,,,,,,,,,,,,,,,,,,,,,,,,,
,,,,,,,,,,,,,,,,,,,,,,,,,,,,
,,,,,,,,,,,,,,,,,,,,,,,,,,,,
,,,,,,,,,,,,,,,,,,,,,,,,,,,,
,,,,,,,,,,,,,,,,,,,,,,,,,,,,
,,,,,,,,,,,,,,,,,,,,,,,,,,,,
,,,,,,,,,,,,,,,,,,,,,,,,,,,,
,,,,,,,,,,,,,,,,,,,,,,,,,,,,
,,,,,,,,,,,,,,,,,,,,,,,,,,,,
,,,,,,,,,,,,,,,,,,,,,,,,,,,,
,,,,,,,,,,,,,,,,,,,,,,,,,,,,
,,,,,,,,,,,,,,,,,,,,,,,,,,,,
,,,,,,,,,,,,,,,,,,,,,,,,,,,,
,,,,,,,,,,,,,,,,,,,,,,,,,,,,
,,,,,,,,,,,,,,,,,,,,,,,,,,,,
,,,,,,,,,,,,,,,,,,,,,,,,,,,,
,,,,,,,,,,,,,,,,,,,,,,,,,,,,
,,,,,,,,,,,,,,,,,,,,,,,,,,,,
,,,,,,,,,,,,,,,,,,,,,,,,,,,,
,,,,,,,,,,,,,,,,,,,,,,,,,,,,
,,,,,,,,,,,,,,,,,,,,,,,,,,,,
,,,,,,,,,,,,,,,,,,,,,,,,,,,,
,,,,,,,,,,,,,,,,,,,,,,,,,,,,
,,,,,,,,,,,,,,,,,,,,,,,,,,,,
,,,,,,,,,,,,,,,,,,,,,,,,,,,,
,,,,,,,,,,,,,,,,,,,,,,,,,,,,
,,,,,,,,,,,,,,,,,,,,,,,,,,,,
,,,,,,,,,,,,,,,,,,,,,,,,,,,,
,,,,,,,,,,,,,,,,,,,,,,,,,,,,
,,,,,,,,,,,,,,,,,,,,,,,,,,,,
,,,,,,,,,,,,,,,,,,,,,,,,,,,,
,,,,,,,,,,,,,,,,,,,,,,,,,,,,
,,,,,,,,,,,,,,,,,,,,,,,,,,,,
,,,,,,,,,,,,,,,,,,,,,,,,,,,,
,,,,,,,,,,,,,,,,,,,,,,,,,,,,
,,,,,,,,,,,,,,,,,,,,,,,,,,,,
,,,,,,,,,,,,,,,,,,,,,,,,,,,,
,,,,,,,,,,,,,,,,,,,,,,,,,,,,
,,,,,,,,,,,,,,,,,,,,,,,,,,,,
,,,,,,,,,,,,,,,,,,,,,,,,,,,,
,,,,,,,,,,,,,,,,,,,,,,,,,,,,
,,,,,,,,,,,,,,,,,,,,,,,,,,,,
,,,,,,,,,,,,,,,,,,,,,,,,,,,,
,,,,,,,,,,,,,,,,,,,,,,,,,,,,
,,,,,,,,,,,,,,,,,,,,,,,,,,,,
,,,,,,,,,,,,,,,,,,,,,,,,,,,,
,,,,,,,,,,,,,,,,,,,,,,,,,,,,
,,,,,,,,,,,,,,,,,,,,,,,,,,,,
,,,,,,,,,,,,,,,,,,,,,,,,,,,,
,,,,,,,,,,,,,,,,,,,,,,,,,,,,
,,,,,,,,,,,,,,,,,,,,,,,,,,,,
,,,,,,,,,,,,,,,,,,,,,,,,,,,,
,,,,,,,,,,,,,,,,,,,,,,,,,,,,
,,,,,,,,,,,,,,,,,,,,,,,,,,,,
,,,,,,,,,,,,,,,,,,,,,,,,,,,,
,,,,,,,,,,,,,,,,,,,,,,,,,,,,
,,,,,,,,,,,,,,,,,,,,,,,,,,,,
,,,,,,,,,,,,,,,,,,,,,,,,,,,,
,,,,,,,,,,,,,,,,,,,,,,,,,,,,
,,,,,,,,,,,,,,,,,,,,,,,,,,,,
,,,,,,,,,,,,,,,,,,,,,,,,,,,,
,,,,,,,,,,,,,,,,,,,,,,,,,,,,
,,,,,,,,,,,,,,,,,,,,,,,,,,,,
,,,,,,,,,,,,,,,,,,,,,,,,,,,,
,,,,,,,,,,,,,,,,,,,,,,,,,,,,
,,,,,,,,,,,,,,,,,,,,,,,,,,,,
,,,,,,,,,,,,,,,,,,,,,,,,,,,,
,,,,,,,,,,,,,,,,,,,,,,,,,,,,
,,,,,,,,,,,,,,,,,,,,,,,,,,,,
,,,,,,,,,,,,,,,,,,,,,,,,,,,,
,,,,,,,,,,,,,,,,,,,,,,,,,,,,
,,,,,,,,,,,,,,,,,,,,,,,,,,,,
,,,,,,,,,,,,,,,,,,,,,,,,,,,,
,,,,,,,,,,,,,,,,,,,,,,,,,,,,
,,,,,,,,,,,,,,,,,,,,,,,,,,,,
,,,,,,,,,,,,,,,,,,,,,,,,,,,,
,,,,,,,,,,,,,,,,,,,,,,,,,,,,
,,,,,,,,,,,,,,,,,,,,,,,,,,,,
,,,,,,,,,,,,,,,,,,,,,,,,,,,,
,,,,,,,,,,,,,,,,,,,,,,,,,,,,
,,,,,,,,,,,,,,,,,,,,,,,,,,,,
,,,,,,,,,,,,,,,,,,,,,,,,,,,,
,,,,,,,,,,,,,,,,,,,,,,,,,,,,
,,,,,,,,,,,,,,,,,,,,,,,,,,,,
,,,,,,,,,,,,,,,,,,,,,,,,,,,,
,,,,,,,,,,,,,,,,,,,,,,,,,,,,
,,,,,,,,,,,,,,,,,,,,,,,,,,,,
,,,,,,,,,,,,,,,,,,,,,,,,,,,,
,,,,,,,,,,,,,,,,,,,,,,,,,,,,
,,,,,,,,,,,,,,,,,,,,,,,,,,,,
,,,,,,,,,,,,,,,,,,,,,,,,,,,,
,,,,,,,,,,,,,,,,,,,,,,,,,,,,
,,,,,,,,,,,,,,,,,,,,,,,,,,,,
,,,,,,,,,,,,,,,,,,,,,,,,,,,,
,,,,,,,,,,,,,,,,,,,,,,,,,,,,
,,,,,,,,,,,,,,,,,,,,,,,,,,,,
,,,,,,,,,,,,,,,,,,,,,,,,,,,,
,,,,,,,,,,,,,,,,,,,,,,,,,,,,
,,,,,,,,,,,,,,,,,,,,,,,,,,,,
,,,,,,,,,,,,,,,,,,,,,,,,,,,,
,,,,,,,,,,,,,,,,,,,,,,,,,,,,
,,,,,,,,,,,,,,,,,,,,,,,,,,,,
,,,,,,,,,,,,,,,,,,,,,,,,,,,,
,,,,,,,,,,,,,,,,,,,,,,,,,,,,
,,,,,,,,,,,,,,,,,,,,,,,,,,,,
,,,,,,,,,,,,,,,,,,,,,,,,,,,,
,,,,,,,,,,,,,,,,,,,,,,,,,,,,
,,,,,,,,,,,,,,,,,,,,,,,,,,,,
,,,,,,,,,,,,,,,,,,,,,,,,,,,,
,,,,,,,,,,,,,,,,,,,,,,,,,,,,
,,,,,,,,,,,,,,,,,,,,,,,,,,,,
,,,,,,,,,,,,,,,,,,,,,,,,,,,,
,,,,,,,,,,,,,,,,,,,,,,,,,,,,
,,,,,,,,,,,,,,,,,,,,,,,,,,,,
,,,,,,,,,,,,,,,,,,,,,,,,,,,,
,,,,,,,,,,,,,,,,,,,,,,,,,,,,
,,,,,,,,,,,,,,,,,,,,,,,,,,,,
,,,,,,,,,,,,,,,,,,,,,,,,,,,,
,,,,,,,,,,,,,,,,,,,,,,,,,,,,
,,,,,,,,,,,,,,,,,,,,,,,,,,,,
,,,,,,,,,,,,,,,,,,,,,,,,,,,,
,,,,,,,,,,,,,,,,,,,,,,,,,,,,
,,,,,,,,,,,,,,,,,,,,,,,,,,,,
,,,,,,,,,,,,,,,,,,,,,,,,,,,,
,,,,,,,,,,,,,,,,,,,,,,,,,,,,
,,,,,,,,,,,,,,,,,,,,,,,,,,,,
,,,,,,,,,,,,,,,,,,,,,,,,,,,,
,,,,,,,,,,,,,,,,,,,,,,,,,,,,
,,,,,,,,,,,,,,,,,,,,,,,,,,,,
,,,,,,,,,,,,,,,,,,,,,,,,,,,,
,,,,,,,,,,,,,,,,,,,,,,,,,,,,
,,,,,,,,,,,,,,,,,,,,,,,,,,,,
,,,,,,,,,,,,,,,,,,,,,,,,,,,,
,,,,,,,,,,,,,,,,,,,,,,,,,,,,
,,,,,,,,,,,,,,,,,,,,,,,,,,,,
,,,,,,,,,,,,,,,,,,,,,,,,,,,,
,,,,,,,,,,,,,,,,,,,,,,,,,,,,
,,,,,,,,,,,,,,,,,,,,,,,,,,,,
,,,,,,,,,,,,,,,,,,,,,,,,,,,,
,,,,,,,,,,,,,,,,,,,,,,,,,,,,
,,,,,,,,,,,,,,,,,,,,,,,,,,,,
,,,,,,,,,,,,,,,,,,,,,,,,,,,,
,,,,,,,,,,,,,,,,,,,,,,,,,,,,
,,,,,,,,,,,,,,,,,,,,,,,,,,,,
,,,,,,,,,,,,,,,,,,,,,,,,,,,,
,,,,,,,,,,,,,,,,,,,,,,,,,,,,
,,,,,,,,,,,,,,,,,,,,,,,,,,,,
,,,,,,,,,,,,,,,,,,,,,,,,,,,,
,,,,,,,,,,,,,,,,,,,,,,,,,,,,
,,,,,,,,,,,,,,,,,,,,,,,,,,,,
,,,,,,,,,,,,,,,,,,,,,,,,,,,,
,,,,,,,,,,,,,,,,,,,,,,,,,,,,
,,,,,,,,,,,,,,,,,,,,,,,,,,,,
,,,,,,,,,,,,,,,,,,,,,,,,,,,,
,,,,,,,,,,,,,,,,,,,,,,,,,,,,
,,,,,,,,,,,,,,,,,,,,,,,,,,,,
,,,,,,,,,,,,,,,,,,,,,,,,,,,,
,,,,,,,,,,,,,,,,,,,,,,,,,,,,
,,,,,,,,,,,,,,,,,,,,,,,,,,,,
,,,,,,,,,,,,,,,,,,,,,,,,,,,,
,,,,,,,,,,,,,,,,,,,,,,,,,,,,
,,,,,,,,,,,,,,,,,,,,,,,,,,,,
,,,,,,,,,,,,,,,,,,,,,,,,,,,,
,,,,,,,,,,,,,,,,,,,,,,,,,,,,
,,,,,,,,,,,,,,,,,,,,,,,,,,,,
,,,,,,,,,,,,,,,,,,,,,,,,,,,,
,,,,,,,,,,,,,,,,,,,,,,,,,,,,
,,,,,,,,,,,,,,,,,,,,,,,,,,,,
,,,,,,,,,,,,,,,,,,,,,,,,,,,,
,,,,,,,,,,,,,,,,,,,,,,,,,,,,
,,,,,,,,,,,,,,,,,,,,,,,,,,,,
,,,,,,,,,,,,,,,,,,,,,,,,,,,,
,,,,,,,,,,,,,,,,,,,,,,,,,,,,
,,,,,,,,,,,,,,,,,,,,,,,,,,,,
,,,,,,,,,,,,,,,,,,,,,,,,,,,,
,,,,,,,,,,,,,,,,,,,,,,,,,,,,
,,,,,,,,,,,,,,,,,,,,,,,,,,,,
,,,,,,,,,,,,,,,,,,,,,,,,,,,,
,,,,,,,,,,,,,,,,,,,,,,,,,,,,
,,,,,,,,,,,,,,,,,,,,,,,,,,,,
,,,,,,,,,,,,,,,,,,,,,,,,,,,,
