,Zone,Branch Name,BCCL executive name,City/Location,Name of College,College Address,Type of College (Engineering/MBA Management/General University),Publication (TOI/ET/NBT/MT/MM),PO,Mode of Distribution (Direct BCCL / Indirect Vendor),"Billing Route 
(Direct by BCCL / via Dealer or Vendor)","Billing Price Category 
(Full / Discounted / Free)",Print-run,Days of delivery,Billing type,No. of issue days,Subscription price (Rs),"Full cover price
(Rs)",Billing Price per Copy (Rs),Dealer Commission (per copy in Rs),Vendor Commission (per copy in Rs),BCCL off role manpower Salary (Other Expenses),"Extra Handling Charges
(Rs) per month",Distribution Trail: Step 1 (Drop Point Details),Distribution Trail: Step 2 (Intermediate/Transit),Distribution Trail: Step 3 (placement in the stand/Hostel),Timing: From First Drop Point,Final timing (placement in the stand),Personnel Responsible (Dealer/Vendor/BCCL Off-role),Proof of Delivery (Photos/WhatsApp/Signatures),"Frequency
(proof of delivery)",Remarks / Audit Notes
Example,West 2,Pune,Shweta Udgave,Pune,RIIM College ,South Pune,Engineering,TOI,100,Indirect by Vendor,Indirect by Dealar or Vendor,Discounted price,Pune City,Mon-Fri,Pre-paid,Mon-Fri,654.00,6 & 7 Rs,3.35,0.10,2.30,,,college main gate,Library office,College library / reading room,05:30,06:30,Avinash Salunke,WhatsApp,Weekly,
Example,West 2,Pune,Shweta Udgave,Pune,Zeal College,South Pune,Engineering,TOI,200,Indirect by Vendor,Indirect by Dealar or Vendor,Discounted price,Pune City,Mon-Fri,Pre-paid,Mon-Fri,654.00,6 & 7 Rs,3.35,0.10,2.30,,,college main gate,Library office,College library / reading room,05:30,06:30,Ganesh Avtade,WhatsApp,Weekly,
,West 2,Pune,Shweta Udgave,Pune,Raisoni College,East Pune,MBA Management,TOI,200,Indirect by Vendor,Indirect by Dealar or Vendor,Discounted price,Pune City,Mon-Fri,Pre-paid,Mon-Fri,654.00,6 & 7 Rs,3.35,0.10,2.30,,,college main gate,Library office,College library / reading room,05:30,06:30,Pandurang Sarase,WhatsApp,Weekly,
,West 2,Pune,Shweta Udgave,Pune,JSPM Tathawade college ,East Pune,MBA Management,TOI,54,Indirect by Vendor,Indirect by Dealar or Vendor,Discounted price,Pune City,Mon-Fri,Pre-paid,Mon-Fri,654.00,6 & 7 Rs,3.35,0.10,2.30,,,college main gate,Library office,College library / reading room,05:30,06:30,Ramesh Kolekar,WhatsApp,Weekly,
,West 2,Pune,Shweta Udgave,Pune,Suryadatta college ,East Pune,MBA Management,ET,100,Indirect by Vendor,Indirect by Dealar or Vendor,Discounted price,Pune City,Mon-Fri,Pre-paid,Mon-Fri,784.00,6 & 7 Rs,3.35,0.10,2.30,,,college main gate,Library office,College library / reading room,05:30,06:30,Avinash Salunke,WhatsApp,Weekly,
,West 2,Pune,Shweta Udgave,Pune,PCET College,North Pune,MBA Management,TOI,200,Indirect by Vendor,Indirect by Dealar or Vendor,Discounted price,Pune City,Mon-Fri,Pre-paid,Mon-Fri,654.00,6 & 7 Rs,3.35,0.10,2.30,,,college main gate,Library office,College library / reading room,05:30,06:30,Abhijeet Kurhade,WhatsApp,Weekly,
,West 2,Pune,Shweta Udgave,Pune,IMERT College,North Pune,MBA Management,TOI,100,Indirect by Vendor,Indirect by Dealar or Vendor,Discounted price,Pune City,Mon-Fri,Pre-paid,Mon-Fri,654.00,6 & 7 Rs,3.35,0.10,2.30,,,college main gate,Library office,College library / reading room,05:30,06:30,Avinash Salunke,WhatsApp,Weekly,
,West 2,Pune,Shweta Udgave,Pune,DATAKALA SHIKSHAN SANSTHA,UPC - Bhigwan,General University,TOI,120,Indirect by Vendor,Indirect by Dealar or Vendor,Discounted price,Pune City,Mon-Sun,Pre-paid,Mon-Sun,928.00,6 & 7 Rs,3.35,0.10,2.30,,,College Main Gate,Library office,Classroom/Stand/Library,07:30,08:30,Shree Kolangade,WhatsApp,Monthly,
,West 2,Pune,Shweta Udgave,Pune,S.R SAWHNEY ENGLISH SCHOOL,UPC - Vadgoan,General University,TOI,230,Indirect by Vendor,Indirect by Dealar or Vendor,Discounted price,Pune City,Mon-Sun,Pre-paid,Mon-Sun,928.00,6 & 7 Rs,3.35,0.10,2.30,,,College Main Gate,Library office,Classroom/Stand/Library,07:30,08:30,Shree Kolangade,WhatsApp,Monthly,
,West 2,Pune,Shweta Udgave,Pune,MAMASAHEB KHANDGE ENGLISH SCHOOL,UPC - Talegaon,General University,TOI,100,Indirect by Vendor,Indirect by Dealar or Vendor,Discounted price,Pune City,Mon-Sun,Pre-paid,Mon-Sun,928.00,6 & 7 Rs,3.35,0.10,2.30,,,College Main Gate,Library office,Classroom/Stand/Library,07:30,08:30,Shree Kolangade,WhatsApp,Monthly,
,West 2,Pune,Shweta Udgave,Pune,SAMARTH GROUP OF INSTITUTIONS,UPC - Belha,General University,TOI,9,Indirect by Vendor,Indirect by Dealar or Vendor,Discounted price,Pune City,Mon-Sat,Pre-paid,Mon-Sat,784.00,6 & 7 Rs,3.35,0.10,2.30,,,College Main Gate,Library office,Classroom/Stand/Library,07:30,08:30,Shree Kolangade,WhatsApp,Monthly,
,West 2,Pune,Shweta Udgave,Pune,SAINIK SCHOOL,UPC - SATARA,General University,TOI,160,Indirect by Vendor,Indirect by Dealar or Vendor,Discounted price,Pune City,Mon-Sun,Pre-paid,Mon-Sun,928.00,6 & 7 Rs,3.35,0.10,2.30,,,College Main Gate,Library office,Classroom/Stand/Library,07:30,08:30,Shree Kolangade,WhatsApp,Monthly,
,West 2,Pune,Shweta Udgave,Pune,MADHYAMIK VIDYALAY VIRWADI,UPC - Bhigwan,General University,TOI,70,Indirect by Vendor,Indirect by Dealar or Vendor,Discounted price,Pune City,Mon-Sat,Pre-paid,Mon-Sat,784.00,6 & 7 Rs,3.35,0.10,2.30,,,College Main Gate,Library office,Classroom/Stand/Library,07:30,08:30,Shree Kolangade,WhatsApp,Monthly,
,West 2,Pune,Shweta Udgave,Pune,D.A.SATAV SCHOOL & JR COLLEGE,UPC,General University,TOI,100,Indirect by Vendor,Indirect by Dealar or Vendor,Discounted price,Pune City,Mon-Sat,Pre-paid,Mon-Sat,784.00,6 & 7 Rs,3.35,0.10,2.30,,,College Main Gate,Library office,Classroom/Stand/Library,07:30,08:30,Shree Kolangade,WhatsApp,Monthly,
,West 2,Pune,Shweta Udgave,Pune,BARAMATI MUNICIPAL COUNCIL  SCHOOL,UPC,General University,TOI,100,Indirect by Vendor,Indirect by Dealar or Vendor,Discounted price,Pune City,Mon-Sat,Pre-paid,Mon-Sat,784.00,6 & 7 Rs,3.35,0.10,2.30,,,College Main Gate,Library office,Classroom/Stand/Library,07:30,08:30,Shree Kolangade,WhatsApp,Monthly,
,West 2,Pune,Shweta Udgave,Pune,KACF English Meduim School,UPC,General University,TOI,50,Indirect by Vendor,Indirect by Dealar or Vendor,Discounted price,Pune City,Mon-Sat,Pre-paid,Mon-Sat,784.00,6 & 7 Rs,3.35,0.10,2.30,,,College Main Gate,Library office,Classroom/Stand/Library,07:30,08:30,Shree Kolangade,WhatsApp,Monthly,
,West 2,Pune,Shweta Udgave,Pune,MAULI SHIKSHAN P B MANDAL,UPC,General University,TOI,100,Indirect by Vendor,Indirect by Dealar or Vendor,Discounted price,Pune City,Mon-Sat,Pre-paid,Mon-Sat,784.00,6 & 7 Rs,3.35,0.10,2.30,,,College Main Gate,Library office,Classroom/Stand/Library,07:30,08:30,Shree Kolangade,WhatsApp,Monthly,
,West 2,Pune,Shweta Udgave,Pune,KSHIRSAGAR COLLEGE,UPC,General University,TOI,50,Indirect by Vendor,Indirect by Dealar or Vendor,Discounted price,Pune City,Mon-Sat,Pre-paid,Mon-Sat,784.00,6 & 7 Rs,3.35,0.10,2.30,,,College Main Gate,Library office,Classroom/Stand/Library,07:30,08:30,Shree Kolangade,WhatsApp,Monthly,
,West 2,Pune,Shweta Udgave,Pune,LOKNETE SHARAD PAWAR S M,UPC,General University,TOI,50,Indirect by Vendor,Indirect by Dealar or Vendor,Discounted price,Pune City,Mon-Sat,Pre-paid,Mon-Sat,784.00,6 & 7 Rs,3.35,0.10,2.30,,,College Main Gate,Library office,Classroom/Stand/Library,07:30,08:30,Shree Kolangade,WhatsApp,Monthly,
,West 2,Pune,Shweta Udgave,Pune,DPU (DR.D.Y PATIL B SCHOOL)-G,CITY,General University,TOI,150,Indirect by Vendor,Indirect by Dealar or Vendor,Discounted price,Pune City,Mon-Sat,Pre-paid,Mon-Sat,784.00,6 & 7 Rs,3.35,0.10,2.30,,,College Main Gate,Library office,Classroom/Stand/Library,07:30,08:30,Shree Kolangade,WhatsApp,Monthly,
,West 2,Pune,Shweta Udgave,Pune,SANJIVANI UNIVERSITY - BBA1,UPC,General University,TOI,240,Indirect by Vendor,Indirect by Dealar or Vendor,Discounted price,Pune City,Mon-Sat,Pre-paid,Mon-Sat,784.00,6 & 7 Rs,3.35,0.10,2.30,,,College Main Gate,Library office,Classroom/Stand/Library,07:30,08:30,Shree Kolangade,WhatsApp,Monthly,
,West 2,Pune,Shweta Udgave,Pune,SAINIK SCHOOL-TILAK HOUSE,UPC,General University,TOI,210,Indirect by Vendor,Indirect by Dealar or Vendor,Discounted price,Pune City,Mon-Sat,Pre-paid,Mon-Sat,784.00,6 & 7 Rs,3.35,0.10,2.30,,,College Main Gate,Library office,Classroom/Stand/Library,07:30,08:30,Shree Kolangade,WhatsApp,Monthly,
,West 2,Pune,Shweta Udgave,Pune,NIBM college,NIBM road,General University,TOI,10,Indirect by Vendor,Indirect by Dealar or Vendor,Discounted price,Pune City,Mon-Sat,Pre-paid,Mon-Sat,7.00,6 & 7 Rs,7.00,0.10,2.30,,,College Main Gate,Library office,Classroom/Stand/Library,07:30,08:30,Ganesh Avtade,WhatsApp,Monthly,
,West 2,Pune,Shweta Udgave,Pune,BHARATI VIDYAPITH /HOSTEL,PADMAVTI,Engineering,TOI,45,Indirect by Vendor,Indirect by Dealar or Vendor,Discounted price,Pune City,Mon-Sat,Pre-paid,Mon-Sat,7.00,6 & 7 Rs,7.00,0.10,2.30,,,College Main Gate,Library office,Classroom/Stand/Library,07:30,08:30,Ganesh Avtade,WhatsApp,Monthly,
,West 2,Pune,Shweta Udgave,Pune,S. GAD COLLEGE HOSTEL,S. GAD ROAD,Engineering,TOI,50,Indirect by Vendor,Indirect by Dealar or Vendor,Discounted price,Pune City,Mon-Sat,Pre-paid,Mon-Sat,7.00,6 & 7 Rs,7.00,0.10,2.30,,,College Main Gate,Library office,Classroom/Stand/Library,07:30,08:30,Ganesh Avtade,WhatsApp,Monthly,
,West 2,Pune,Shweta Udgave,Pune,SIMBOYSIS COLLAGE,VIMAN NAGAR,Engineering,TOI,30,Indirect by Vendor,Indirect by Dealar or Vendor,Discounted price,Pune City,Mon-Sat,Pre-paid,Mon-Sat,7.00,6 & 7 Rs,7.00,0.10,2.30,,,College Main Gate,Library office,Classroom/Stand/Library,07:30,08:30,Pandurang Sarase,WhatsApp,Monthly,
,West 2,Pune,Shweta Udgave,Pune,DY PATIL COLLAGE,LOHAN GAON,Engineering,TOI,30,Indirect by Vendor,Indirect by Dealar or Vendor,Discounted price,Pune City,Mon-Sat,Pre-paid,Mon-Sat,7.00,6 & 7 Rs,7.00,0.10,2.30,,,College Main Gate,Library office,Classroom/Stand/Library,07:30,08:30,Pandurang Sarase,WhatsApp,Monthly,
,West 2,Pune,Shweta Udgave,Pune,ASM Institute,"Pune-Mumbai Road, Chinchwad",General University,TOI,25,Indirect by Vendor,Indirect by Dealar or Vendor,Discounted price,Pune City,Mon-Sat,Pre-paid,Mon-Sat,7.00,6 & 7 Rs,7.00,0.10,2.30,,,College Main Gate,Library office,Classroom/Stand/Library,07:30,08:30,Ramesh Kolekar,WhatsApp,Monthly,
,West 2,Pune,Shweta Udgave,Pune,IIBR & IBMR,"Mohannagar, Chinchwad",MBA Management,TOI,40,Indirect by Vendor,Indirect by Dealar or Vendor,Discounted price,Pune City,Mon-Sat,Pre-paid,Mon-Sat,7.00,6 & 7 Rs,7.00,0.10,2.30,,,College Main Gate,Library office,Classroom/Stand/Library,07:30,08:30,Ramesh Kolekar,WhatsApp,Monthly,
,West 2,Pune,Shweta Udgave,Pune,Pratibha Institution,"Kalbhornagar, Chnchwad",MBA Management,TOI,50,Indirect by Vendor,Indirect by Dealar or Vendor,Discounted price,Pune City,Mon-Sat,Pre-paid,Mon-Sat,7.00,6 & 7 Rs,7.00,0.10,2.30,,,College Main Gate,Library office,Classroom/Stand/Library,07:30,08:30,Ramesh Kolekar,WhatsApp,Monthly,
,West 2,Pune,Shweta Udgave,Pune,"D. Y. Patil Campus, Akurdi",Akurdi,Engineering,TOI,10,Indirect by Vendor,Indirect by Dealar or Vendor,Discounted price,Pune City,Mon-Sat,Pre-paid,Mon-Sat,7.00,6 & 7 Rs,7.00,0.10,2.30,,,College Main Gate,Library office,Classroom/Stand/Library,07:30,08:30,Abhijeet Kurhade,WhatsApp,Monthly,
,West 2,Pune,Shweta Udgave,Pune,S. B. Patil and PCCOE,Akurdi,Engineering,TOI,20,Indirect by Vendor,Indirect by Dealar or Vendor,Discounted price,Pune City,Mon-Sat,Pre-paid,Mon-Sat,7.00,6 & 7 Rs,7.00,0.10,2.30,,,College Main Gate,Library office,Classroom/Stand/Library,07:30,08:30,Abhijeet Kurhade,WhatsApp,Monthly,
,West 2,Pune,Shweta Udgave,Pune,RJSPM Institute,"Landewadi, Bhosari",General University,TOI,30,Indirect by Vendor,Indirect by Dealar or Vendor,Discounted price,Pune City,Mon-Sat,Pre-paid,Mon-Sat,7.00,6 & 7 Rs,7.00,0.10,2.30,,,College Main Gate,Library office,Classroom/Stand/Library,07:30,08:30,Abhijeet Kurhade,WhatsApp,Monthly,
,West 2,Pune,Shweta Udgave,Pune,MIT Accedamy Of Eng.,"Alandi , Bhosari",Engineering,TOI,50,Indirect by Vendor,Indirect by Dealar or Vendor,Discounted price,Pune City,Mon-Sat,Pre-paid,Mon-Sat,7.00,6 & 7 Rs,7.00,0.10,2.30,,,College Main Gate,Library office,Classroom/Stand/Library,07:30,08:30,,WhatsApp,Monthly,
,West 2,Pune,Shweta Udgave,Pune,MIT,Erandwane,Engineering,TOI,35,Indirect by Vendor,Indirect by Dealar or Vendor,Discounted price,Pune City,Mon-Sat,Pre-paid,Mon-Sat,7.00,6 & 7 Rs,7.00,0.10,2.30,,,College Main Gate,Library office,Classroom/Stand/Library,07:30,08:30,,WhatsApp,Monthly,
,West 2,Pune,Shweta Udgave,Pune,SINHGAD,Erandwane,Engineering,TOI,20,Indirect by Vendor,Indirect by Dealar or Vendor,Discounted price,Pune City,Mon-Sat,Pre-paid,Mon-Sat,7.00,6 & 7 Rs,7.00,0.10,2.30,,,College Main Gate,Library office,Classroom/Stand/Library,07:30,08:30,,WhatsApp,Monthly,
,West 2,Pune,Shweta Udgave,Pune,DY Patil Arct.College,Paud Road,Engineering,TOI,40,Indirect by Vendor,Indirect by Dealar or Vendor,Discounted price,Pune City,Mon-Sat,Pre-paid,Mon-Sat,7.00,6 & 7 Rs,7.00,0.10,2.30,,,College Main Gate,Library office,Classroom/Stand/Library,07:30,08:30,,WhatsApp,Monthly,
,West 2,Pune,Shweta Udgave,Pune,"Symbiosis College,Lavale",Paud Road,MBA Management,TOI,60,Indirect by Vendor,Indirect by Dealar or Vendor,Discounted price,Pune City,Mon-Sat,Pre-paid,Mon-Sat,7.00,6 & 7 Rs,7.00,0.10,2.30,,,College Main Gate,Library office,Classroom/Stand/Library,07:30,08:30,,WhatsApp,Monthly,
,West 2,Pune,Shweta Udgave,Pune,Flame Univercity,Paud Road,MBA Management,TOI,60,Indirect by Vendor,Indirect by Dealar or Vendor,Discounted price,Pune City,Mon-Sat,Pre-paid,Mon-Sat,7.00,6 & 7 Rs,7.00,0.10,2.30,,,College Main Gate,Library office,Classroom/Stand/Library,07:30,08:30,,WhatsApp,Monthly,
,West 2,Pune,Shweta Udgave,Pune,Cummins college,Karvenagar,Engineering,TOI,20,Indirect by Vendor,Indirect by Dealar or Vendor,Discounted price,Pune City,Mon-Sat,Pre-paid,Mon-Sat,7.00,6 & 7 Rs,7.00,0.10,2.30,,,College Main Gate,Library office,Classroom/Stand/Library,07:30,08:30,,WhatsApp,Monthly,
,West 2,Pune,Shweta Udgave,Pune,Siddhivainay college,Karvenagar,Engineering,TOI,44,Indirect by Vendor,Indirect by Dealar or Vendor,Discounted price,Pune City,Mon-Sat,Pre-paid,Mon-Sat,7.00,6 & 7 Rs,7.00,0.10,2.30,,,College Main Gate,Library office,Classroom/Stand/Library,07:30,08:30,,WhatsApp,Monthly,
,West 2,Pune,Shweta Udgave,Pune,AGRICULTURE COLLEGE,AGRICULTURE ROAD ,General University,TOI,20,Indirect by Vendor,Indirect by Dealar or Vendor,Discounted price,Pune City,Mon-Sat,Pre-paid,Mon-Sat,7.00,6 & 7 Rs,7.00,0.10,2.30,,,College Main Gate,Library office,Classroom/Stand/Library,07:30,08:30,,WhatsApp,Monthly,
,West 2,Pune,Shweta Udgave,Pune,NCR ( PUNE UNIVERCITY),Pune,General University,TOI,45,Indirect by Vendor,Indirect by Dealar or Vendor,Discounted price,Pune City,Mon-Sat,Pre-paid,Mon-Sat,7.00,6 & 7 Rs,7.00,0.10,2.30,,,College Main Gate,Library office,Classroom/Stand/Library,07:30,08:30,,WhatsApp,Monthly,
,West 2,Pune,Shweta Udgave,Pune,MODERN COLLEGE,Pune,General University,TOI,35,Indirect by Vendor,Indirect by Dealar or Vendor,Discounted price,Pune City,Mon-Sat,Pre-paid,Mon-Sat,7.00,6 & 7 Rs,7.00,0.10,2.30,,,College Main Gate,Library office,Classroom/Stand/Library,07:30,08:30,,WhatsApp,Monthly,
,West 2,Pune,Shweta Udgave,Pune,SSPMS COLLEGE,Pune,General University,TOI,22,Indirect by Vendor,Indirect by Dealar or Vendor,Discounted price,Pune City,Mon-Sat,Pre-paid,Mon-Sat,7.00,6 & 7 Rs,7.00,0.10,2.30,,,College Main Gate,Library office,Classroom/Stand/Library,07:30,08:30,,WhatsApp,Monthly,
,West 2,Pune,Shweta Udgave,Pune,MMCC COLLEGE,Pune University Campus,Engineering,TOI,30,Indirect by Vendor,Indirect by Dealar or Vendor,Discounted price,Pune City,Mon-Sat,Pre-paid,Mon-Sat,7.00,6 & 7 Rs,7.00,0.10,2.30,,,College Main Gate,Library office,Classroom/Stand/Library,07:30,08:30,,WhatsApp,Monthly,
,West 2,Pune,Shweta Udgave,Pune,BJ MEDICAL COLLEGE,BJ  MEDICAL ROAD,General University,TOI,35,Indirect by Vendor,Indirect by Dealar or Vendor,Discounted price,Pune City,Mon-Sat,Pre-paid,Mon-Sat,7.00,6 & 7 Rs,7.00,0.10,2.30,,,College Main Gate,Library office,Classroom/Stand/Library,07:30,08:30,,WhatsApp,Monthly,
,West 2,Pune,Shweta Udgave,Pune,JEDHE COLLEGE,JEDHE COLLEGE ROAD,General University,TOI,20,Indirect by Vendor,Indirect by Dealar or Vendor,Discounted price,Pune City,Mon-Sat,Pre-paid,Mon-Sat,7.00,6 & 7 Rs,7.00,0.10,2.30,,,College Main Gate,Library office,Classroom/Stand/Library,07:30,08:30,,WhatsApp,Monthly,
,West 2,Pune,Shweta Udgave,Pune,JEDHE LAW COLLEGE,JEDHE COLLEGE ROAD,General University,TOI,15,Indirect by Vendor,Indirect by Dealar or Vendor,Discounted price,Pune City,Mon-Sat,Pre-paid,Mon-Sat,7.00,6 & 7 Rs,7.00,0.10,2.30,,,College Main Gate,Library office,Classroom/Stand/Library,07:30,08:30,,WhatsApp,Monthly,
,West 2,Pune,Shweta Udgave,Pune,Annasaheb and Sadhna College,Mahadev Nagar & Manjari,General University,TOI,80,Indirect by Vendor,Indirect by Dealar or Vendor,Discounted price,Pune City,Mon-Sat,Pre-paid,Mon-Sat,7.00,6 & 7 Rs,7.00,0.10,2.30,,,College Main Gate,Library office,Classroom/Stand/Library,07:30,08:30,,WhatsApp,Monthly,
,West 2,Pune,Shweta Udgave,Pune,Saneguruji Hostel,Malwadi Road,General University,TOI,40,Indirect by Vendor,Indirect by Dealar or Vendor,Discounted price,Pune City,Mon-Sat,Pre-paid,Mon-Sat,7.00,6 & 7 Rs,7.00,0.10,2.30,,,College Main Gate,Library office,Classroom/Stand/Library,07:30,08:30,,WhatsApp,Monthly,
,West 2,Pune,Shweta Udgave,Pune,MIT College,Loni Kalbhor,Engineering,TOI,45,Indirect by Vendor,Indirect by Dealar or Vendor,Discounted price,Pune City,Mon-Sat,Pre-paid,Mon-Sat,7.00,6 & 7 Rs,7.00,0.10,2.30,,,College Main Gate,Library office,Classroom/Stand/Library,07:30,08:30,,WhatsApp,Monthly,
,West 2,Pune,Shweta Udgave,Pune,DY Patil Pimpri,Pimpri,Engineering,TOI,50,Indirect by Vendor,Indirect by Dealar or Vendor,Discounted price,Pune City,Mon-Sat,Pre-paid,Mon-Sat,7.00,6 & 7 Rs,7.00,0.10,2.30,,,College Main Gate,Library office,Classroom/Stand/Library,07:30,08:30,,WhatsApp,Monthly,
,West 2,Pune,Shweta Udgave,Pune,Spicer College,Kirkee,Engineering,TOI,20,Indirect by Vendor,Indirect by Dealar or Vendor,Discounted price,Pune City,Mon-Sat,Pre-paid,Mon-Sat,7.00,6 & 7 Rs,7.00,0.10,2.30,,,College Main Gate,Library office,Classroom/Stand/Library,07:30,08:30,,WhatsApp,Monthly,
,West 2,Pune,Shweta Udgave,Pune,CME,Kirkee,Engineering,TOI,120,Indirect by Vendor,Indirect by Dealar or Vendor,Discounted price,Pune City,Mon-Sat,Pre-paid,Mon-Sat,7.00,6 & 7 Rs,7.00,0.10,2.30,,,College Main Gate,Library office,Classroom/Stand/Library,07:30,08:30,,WhatsApp,Monthly,
,West 2,Pune,Shweta Udgave,Pune,DY Patil Pimpri,Kirkee,Engineering,TOI,20,Indirect by Vendor,Indirect by Dealar or Vendor,Discounted price,Pune City,Mon-Sat,Pre-paid,Mon-Sat,7.00,6 & 7 Rs,7.00,0.10,2.30,,,College Main Gate,Library office,Classroom/Stand/Library,07:30,08:30,,WhatsApp,Monthly,
,West 2,Pune,Shweta Udgave,Pune,IIEBM,Kalewadi,MBA Management,TOI,50,Indirect by Vendor,Indirect by Dealar or Vendor,Discounted price,Pune City,Mon-Sat,Pre-paid,Mon-Sat,7.00,6 & 7 Rs,7.00,0.10,2.30,,,College Main Gate,Library office,Classroom/Stand/Library,07:30,08:30,,WhatsApp,Monthly,
,West 2,Pune,Shweta Udgave,Pune,Alard,Kalewadi,MBA Management,TOI,20,Indirect by Vendor,Indirect by Dealar or Vendor,Discounted price,Pune City,Mon-Sat,Pre-paid,Mon-Sat,7.00,6 & 7 Rs,7.00,0.10,2.30,,,College Main Gate,Library office,Classroom/Stand/Library,07:30,08:30,,WhatsApp,Monthly,
,West 2,Pune,Shweta Udgave,Pune,Sai Balaji,Kalewadi,MBA Management,TOI,10,Indirect by Vendor,Indirect by Dealar or Vendor,Discounted price,Pune City,Mon-Sat,Pre-paid,Mon-Sat,7.00,6 & 7 Rs,7.00,0.10,2.30,,,College Main Gate,Library office,Classroom/Stand/Library,07:30,08:30,,WhatsApp,Monthly,
,West 2,Pune,Shweta Udgave,Pune,Balaji Institute,Kalewadi,MBA Management,TOI,35,Indirect by Vendor,Indirect by Dealar or Vendor,Discounted price,Pune City,Mon-Sat,Pre-paid,Mon-Sat,7.00,6 & 7 Rs,7.00,0.10,2.30,,,College Main Gate,Library office,Classroom/Stand/Library,07:30,08:30,,WhatsApp,Monthly,
,West 2,Pune,Shweta Udgave,Pune,Indira Institute,Kalewadi,MBA Management,TOI,12,Indirect by Vendor,Indirect by Dealar or Vendor,Discounted price,Pune City,Mon-Sat,Pre-paid,Mon-Sat,7.00,6 & 7 Rs,7.00,0.10,2.30,,,College Main Gate,Library office,Classroom/Stand/Library,07:30,08:30,,WhatsApp,Monthly,
,West 2,Pune,Shweta Udgave,Pune,DY Patil Wakad,Kalewadi,MBA Management,TOI,10,Indirect by Vendor,Indirect by Dealar or Vendor,Discounted price,Pune City,Mon-Sat,Pre-paid,Mon-Sat,7.00,6 & 7 Rs,7.00,0.10,2.30,,,College Main Gate,Library office,Classroom/Stand/Library,07:30,08:30,,WhatsApp,Monthly,
,West 2,Pune,Shweta Udgave,Pune,Lotus Institute,Kalewadi,MBA Management,TOI,10,Indirect by Vendor,Indirect by Dealar or Vendor,Discounted price,Pune City,Mon-Sat,Pre-paid,Mon-Sat,7.00,6 & 7 Rs,7.00,0.10,2.30,,,College Main Gate,Library office,Classroom/Stand/Library,07:30,08:30,,WhatsApp,Monthly,
,West 2,Pune,Shweta Udgave,Pune,Govt Polytechnic,Ganeshkhind Rd,General University,TOI,50,Indirect by Vendor,Indirect by Dealar or Vendor,Discounted price,Pune City,Mon-Sat,Pre-paid,Mon-Sat,7.00,6 & 7 Rs,7.00,0.10,2.30,,,College Main Gate,Library office,Classroom/Stand/Library,07:30,08:30,,WhatsApp,Monthly,
,West 2,Pune,Shweta Udgave,Pune,Savitri Bai Phule University,Pune University Campus,General University,TOI,27,Indirect by Vendor,Indirect by Dealar or Vendor,Discounted price,Pune City,Mon-Sat,Pre-paid,Mon-Sat,7.00,6 & 7 Rs,7.00,0.10,2.30,,,College Main Gate,Library office,Classroom/Stand/Library,07:30,08:30,,WhatsApp,Monthly,
,West 2,Pune,Shweta Udgave,Pune,DIMR,Balewadi High Street,MBA Management,TOI,40,Indirect by Vendor,Indirect by Dealar or Vendor,Discounted price,Pune City,Mon-Sat,Pre-paid,Mon-Sat,7.00,6 & 7 Rs,7.00,0.10,2.30,,,College Main Gate,Library office,Classroom/Stand/Library,07:30,08:30,,WhatsApp,Monthly,
,West 2,Pune,Shweta Udgave,Pune,"Symbiosis, Range Hills",Range Hills,MBA Management,TOI,43,Indirect by Vendor,Indirect by Dealar or Vendor,Discounted price,Pune City,Mon-Sat,Pre-paid,Mon-Sat,7.00,6 & 7 Rs,7.00,0.10,2.30,,,College Main Gate,Library office,Classroom/Stand/Library,07:30,08:30,,WhatsApp,Monthly,
,West 2,Pune,Shweta Udgave,Pune,NARALKAR INSTITUTE,Pune,General University,ET,50,Indirect by Vendor,Indirect by Dealar or Vendor,Discounted price,Pune City,Mon-Fri,Pre-paid,Mon-Fri,271.00,Rs 8,4.10,0.08,3.30,,,College Main Gate,Library office,Classroom/Stand/Library,07:30,08:30,Sunil Pawar,WhatsApp,Monthly,
,West 2,Pune,Shweta Udgave,Pune,PIBM,Pune,MBA Management,ET,"1,500",Indirect by Vendor,Indirect by Dealar or Vendor,Discounted price,Pune City,Mon-Fri,Pre-paid,Mon-Fri,271.00,Rs 8,4.10,0.08,3.30,,,College Main Gate,Library office,Classroom/Stand/Library,07:30,08:30,Avinash Salunke,WhatsApp,Monthly,
,West 2,Pune,Shweta Udgave,Pune,Suryadatta college ,East Pune,MBA Management,ET,100,Indirect by Vendor,Indirect by Dealar or Vendor,Discounted price,Pune City,Mon-Fri,Pre-paid,Mon-Fri,811.00,Rs 8,4.10,0.08,3.30,,,College Main Gate,Library office,Classroom/Stand/Library,07:30,08:30,Avinash Salunke,WhatsApp,Monthly,
,West 2,Pune,Shweta Udgave,Pune,IMDR,Pune,MBA Management,ET,50,Indirect by Vendor,Indirect by Dealar or Vendor,Discounted price,Pune City,Mon-Fri,Pre-paid,Mon-Fri,541.00,Rs 8,4.10,0.08,3.30,,,College Main Gate,Library office,Classroom/Stand/Library,07:30,08:30,Subhash Koli,WhatsApp,Monthly,
,West 2,Pune,Shweta Udgave,Pune,Raisoni College,East Pune,MBA Management,ET,25,Indirect by Vendor,Indirect by Dealar or Vendor,Discounted price,Pune City,Mon-Fri,Pre-paid,Mon-Fri,811.00,Rs 8,4.10,0.08,3.30,,,College Main Gate,Library office,Classroom/Stand/Library,07:30,08:30,Pandurang Sarase,WhatsApp,Monthly,
,West 2,Pune,Shweta Udgave,Pune,SAI BAJALI,Pune,MBA Management,ET,550,Indirect by Vendor,Indirect by Dealar or Vendor,Discounted price,Pune City,Mon-Fri,Pre-paid,Mon-Fri,541.00,Rs 8,4.10,0.08,3.30,,,College Main Gate,Library office,Classroom/Stand/Library,07:30,08:30,Ramesh Kolekar,WhatsApp,Monthly,
,West 2,Pune,Shweta Udgave,Pune,Sri Balaji University,Pune,MBA Management,ET,950,Indirect by Vendor,Indirect by Dealar or Vendor,Discounted price,Pune City,Mon-Fri,Pre-paid,Mon-Fri,854.00,Rs 8,4.10,0.08,3.30,,,College Main Gate,Library office,Classroom/Stand/Library,07:30,08:30,Ramesh Kolekar,WhatsApp,Monthly,
,West 2,Pune,Shweta Udgave,Pune,Sri Balaji University,Pune,MBA Management,ET,500,Indirect by Vendor,Indirect by Dealar or Vendor,Discounted price,Pune City,Mon-Fri,Pre-paid,Mon-Fri,582.00,Rs 8,4.10,0.08,3.30,,,College Main Gate,Library office,Classroom/Stand/Library,07:30,08:30,Ramesh Kolekar,WhatsApp,Monthly,
,West 2,Pune,Shweta Udgave,Pune,Sri Balaji University,Pune,MBA Management,ET,500,Indirect by Vendor,Indirect by Dealar or Vendor,,Pune City,Mon-Fri,Pre-paid,Mon-Fri,271.00,Rs 8,4.10,0.08,3.30,,,College Main Gate,Library office,Classroom/Stand/Library,07:30,08:30,Ramesh Kolekar,WhatsApp,Monthly,
,West 2,Pune,Shweta Udgave,Pune,IIEBM,Pune,MBA Management,ET,230,Indirect by Vendor,Indirect by Dealar or Vendor,Discounted price,Pune City,Mon-Fri,Pre-paid,Mon-Fri,541.00,Rs 8,4.10,0.08,3.30,,,College Main Gate,Library office,Classroom/Stand/Library,07:30,08:30,Ramesh Kolekar,WhatsApp,Monthly,
,West 2,Pune,Shweta Udgave,Pune,INDIRA,Pune,MBA Management,ET,740,Indirect by Vendor,Indirect by Dealar or Vendor,Discounted price,Pune City,Mon-Fri,Pre-paid,Mon-Fri,541.00,Rs 8,4.10,0.08,3.30,,,College Main Gate,Library office,Classroom/Stand/Library,07:30,08:30,Ramesh Kolekar,WhatsApp,Monthly,
,West 2,Pune,Shweta Udgave,Pune,KIRLOSKAR INSTITUTE OF MANAGEMENT,UPC-Somatane phata,MBA Management,ET,30,Indirect by Vendor,Indirect by Dealar or Vendor,Discounted price,Pune City,Mon-Sat,Pre-paid,Mon-Sat,671.00,Rs 8 / 10,4.10,0.08,3.30,,,College Main Gate,Library office,Classroom/Stand/Library,07:30,08:30,Shree Kolangade,WhatsApp,Monthly,
,,,,,,,,,,,,,,,,,,,,,,,,,,,,,,,,
,,,,,,,,,,,,,,,,,,,,,,,,,,,,,,,,
,,,,,,,,,,,,,,,,,,,,,,,,,,,,,,,,
,,,,,,,,,,,,,,,,,,,,,,,,,,,,,,,,
,,,,,,,,,,,,,,,,,,,,,,,,,,,,,,,,
,,,,,,,,,,,,,,,,,,,,,,,,,,,,,,,,
,,,,,,,,,,,,,,,,,,,,,,,,,,,,,,,,
,,,,,,,,,,,,,,,,,,,,,,,,,,,,,,,,
,,,,,,,,,,,,,,,,,,,,,,,,,,,,,,,,
,,,,,,,,,,,,,,,,,,,,,,,,,,,,,,,,
,,,,,,,,,,,,,,,,,,,,,,,,,,,,,,,,
,,,,,,,,,,,,,,,,,,,,,,,,,,,,,,,,
,,,,,,,,,,,,,,,,,,,,,,,,,,,,,,,,
,,,,,,,,,,,,,,,,,,,,,,,,,,,,,,,,
,,,,,,,,,,,,,,,,,,,,,,,,,,,,,,,,
,,,,,,,,,,,,,,,,,,,,,,,,,,,,,,,,
,,,,,,,,,,,,,,,,,,,,,,,,,,,,,,,,
,,,,,,,,,,,,,,,,,,,,,,,,,,,,,,,,
,,,,,,,,,,,,,,,,,,,,,,,,,,,,,,,,
,,,,,,,,,,,,,,,,,,,,,,,,,,,,,,,,
,,,,,,,,,,,,,,,,,,,,,,,,,,,,,,,,
,,,,,,,,,,,,,,,,,,,,,,,,,,,,,,,,
,,,,,,,,,,,,,,,,,,,,,,,,,,,,,,,,
,,,,,,,,,,,,,,,,,,,,,,,,,,,,,,,,
,,,,,,,,,,,,,,,,,,,,,,,,,,,,,,,,
,,,,,,,,,,,,,,,,,,,,,,,,,,,,,,,,
,,,,,,,,,,,,,,,,,,,,,,,,,,,,,,,,
,,,,,,,,,,,,,,,,,,,,,,,,,,,,,,,,
,,,,,,,,,,,,,,,,,,,,,,,,,,,,,,,,
,,,,,,,,,,,,,,,,,,,,,,,,,,,,,,,,
,,,,,,,,,,,,,,,,,,,,,,,,,,,,,,,,
,,,,,,,,,,,,,,,,,,,,,,,,,,,,,,,,
,,,,,,,,,,,,,,,,,,,,,,,,,,,,,,,,
,,,,,,,,,,,,,,,,,,,,,,,,,,,,,,,,
,,,,,,,,,,,,,,,,,,,,,,,,,,,,,,,,
,,,,,,,,,,,,,,,,,,,,,,,,,,,,,,,,
,,,,,,,,,,,,,,,,,,,,,,,,,,,,,,,,
,,,,,,,,,,,,,,,,,,,,,,,,,,,,,,,,
,,,,,,,,,,,,,,,,,,,,,,,,,,,,,,,,
,,,,,,,,,,,,,,,,,,,,,,,,,,,,,,,,
,,,,,,,,,,,,,,,,,,,,,,,,,,,,,,,,
,,,,,,,,,,,,,,,,,,,,,,,,,,,,,,,,
,,,,,,,,,,,,,,,,,,,,,,,,,,,,,,,,
,,,,,,,,,,,,,,,,,,,,,,,,,,,,,,,,
,,,,,,,,,,,,,,,,,,,,,,,,,,,,,,,,
,,,,,,,,,,,,,,,,,,,,,,,,,,,,,,,,
,,,,,,,,,,,,,,,,,,,,,,,,,,,,,,,,
,,,,,,,,,,,,,,,,,,,,,,,,,,,,,,,,
,,,,,,,,,,,,,,,,,,,,,,,,,,,,,,,,
,,,,,,,,,,,,,,,,,,,,,,,,,,,,,,,,
,,,,,,,,,,,,,,,,,,,,,,,,,,,,,,,,
,,,,,,,,,,,,,,,,,,,,,,,,,,,,,,,,
,,,,,,,,,,,,,,,,,,,,,,,,,,,,,,,,
,,,,,,,,,,,,,,,,,,,,,,,,,,,,,,,,
,,,,,,,,,,,,,,,,,,,,,,,,,,,,,,,,
,,,,,,,,,,,,,,,,,,,,,,,,,,,,,,,,
,,,,,,,,,,,,,,,,,,,,,,,,,,,,,,,,
,,,,,,,,,,,,,,,,,,,,,,,,,,,,,,,,
,,,,,,,,,,,,,,,,,,,,,,,,,,,,,,,,
,,,,,,,,,,,,,,,,,,,,,,,,,,,,,,,,
,,,,,,,,,,,,,,,,,,,,,,,,,,,,,,,,
,,,,,,,,,,,,,,,,,,,,,,,,,,,,,,,,
,,,,,,,,,,,,,,,,,,,,,,,,,,,,,,,,
,,,,,,,,,,,,,,,,,,,,,,,,,,,,,,,,
,,,,,,,,,,,,,,,,,,,,,,,,,,,,,,,,
,,,,,,,,,,,,,,,,,,,,,,,,,,,,,,,,
,,,,,,,,,,,,,,,,,,,,,,,,,,,,,,,,
,,,,,,,,,,,,,,,,,,,,,,,,,,,,,,,,
,,,,,,,,,,,,,,,,,,,,,,,,,,,,,,,,
,,,,,,,,,,,,,,,,,,,,,,,,,,,,,,,,
,,,,,,,,,,,,,,,,,,,,,,,,,,,,,,,,
,,,,,,,,,,,,,,,,,,,,,,,,,,,,,,,,
,,,,,,,,,,,,,,,,,,,,,,,,,,,,,,,,
,,,,,,,,,,,,,,,,,,,,,,,,,,,,,,,,
,,,,,,,,,,,,,,,,,,,,,,,,,,,,,,,,
,,,,,,,,,,,,,,,,,,,,,,,,,,,,,,,,
,,,,,,,,,,,,,,,,,,,,,,,,,,,,,,,,
,,,,,,,,,,,,,,,,,,,,,,,,,,,,,,,,
,,,,,,,,,,,,,,,,,,,,,,,,,,,,,,,,
,,,,,,,,,,,,,,,,,,,,,,,,,,,,,,,,
,,,,,,,,,,,,,,,,,,,,,,,,,,,,,,,,
,,,,,,,,,,,,,,,,,,,,,,,,,,,,,,,,
,,,,,,,,,,,,,,,,,,,,,,,,,,,,,,,,
,,,,,,,,,,,,,,,,,,,,,,,,,,,,,,,,
,,,,,,,,,,,,,,,,,,,,,,,,,,,,,,,,
,,,,,,,,,,,,,,,,,,,,,,,,,,,,,,,,
,,,,,,,,,,,,,,,,,,,,,,,,,,,,,,,,
,,,,,,,,,,,,,,,,,,,,,,,,,,,,,,,,
,,,,,,,,,,,,,,,,,,,,,,,,,,,,,,,,
,,,,,,,,,,,,,,,,,,,,,,,,,,,,,,,,
,,,,,,,,,,,,,,,,,,,,,,,,,,,,,,,,
,,,,,,,,,,,,,,,,,,,,,,,,,,,,,,,,
,,,,,,,,,,,,,,,,,,,,,,,,,,,,,,,,
,,,,,,,,,,,,,,,,,,,,,,,,,,,,,,,,
,,,,,,,,,,,,,,,,,,,,,,,,,,,,,,,,
,,,,,,,,,,,,,,,,,,,,,,,,,,,,,,,,
,,,,,,,,,,,,,,,,,,,,,,,,,,,,,,,,
,,,,,,,,,,,,,,,,,,,,,,,,,,,,,,,,
,,,,,,,,,,,,,,,,,,,,,,,,,,,,,,,,
,,,,,,,,,,,,,,,,,,,,,,,,,,,,,,,,
,,,,,,,,,,,,,,,,,,,,,,,,,,,,,,,,
,,,,,,,,,,,,,,,,,,,,,,,,,,,,,,,,
,,,,,,,,,,,,,,,,,,,,,,,,,,,,,,,,
,,,,,,,,,,,,,,,,,,,,,,,,,,,,,,,,
,,,,,,,,,,,,,,,,,,,,,,,,,,,,,,,,
,,,,,,,,,,,,,,,,,,,,,,,,,,,,,,,,
,,,,,,,,,,,,,,,,,,,,,,,,,,,,,,,,
,,,,,,,,,,,,,,,,,,,,,,,,,,,,,,,,
,,,,,,,,,,,,,,,,,,,,,,,,,,,,,,,,
,,,,,,,,,,,,,,,,,,,,,,,,,,,,,,,,
,,,,,,,,,,,,,,,,,,,,,,,,,,,,,,,,
,,,,,,,,,,,,,,,,,,,,,,,,,,,,,,,,
,,,,,,,,,,,,,,,,,,,,,,,,,,,,,,,,
,,,,,,,,,,,,,,,,,,,,,,,,,,,,,,,,
,,,,,,,,,,,,,,,,,,,,,,,,,,,,,,,,
,,,,,,,,,,,,,,,,,,,,,,,,,,,,,,,,
,,,,,,,,,,,,,,,,,,,,,,,,,,,,,,,,
,,,,,,,,,,,,,,,,,,,,,,,,,,,,,,,,
,,,,,,,,,,,,,,,,,,,,,,,,,,,,,,,,
,,,,,,,,,,,,,,,,,,,,,,,,,,,,,,,,
,,,,,,,,,,,,,,,,,,,,,,,,,,,,,,,,
,,,,,,,,,,,,,,,,,,,,,,,,,,,,,,,,
,,,,,,,,,,,,,,,,,,,,,,,,,,,,,,,,
,,,,,,,,,,,,,,,,,,,,,,,,,,,,,,,,
,,,,,,,,,,,,,,,,,,,,,,,,,,,,,,,,
,,,,,,,,,,,,,,,,,,,,,,,,,,,,,,,,
,,,,,,,,,,,,,,,,,,,,,,,,,,,,,,,,
,,,,,,,,,,,,,,,,,,,,,,,,,,,,,,,,
,,,,,,,,,,,,,,,,,,,,,,,,,,,,,,,,
,,,,,,,,,,,,,,,,,,,,,,,,,,,,,,,,
,,,,,,,,,,,,,,,,,,,,,,,,,,,,,,,,
,,,,,,,,,,,,,,,,,,,,,,,,,,,,,,,,
,,,,,,,,,,,,,,,,,,,,,,,,,,,,,,,,
,,,,,,,,,,,,,,,,,,,,,,,,,,,,,,,,
,,,,,,,,,,,,,,,,,,,,,,,,,,,,,,,,
,,,,,,,,,,,,,,,,,,,,,,,,,,,,,,,,
,,,,,,,,,,,,,,,,,,,,,,,,,,,,,,,,
,,,,,,,,,,,,,,,,,,,,,,,,,,,,,,,,
,,,,,,,,,,,,,,,,,,,,,,,,,,,,,,,,
,,,,,,,,,,,,,,,,,,,,,,,,,,,,,,,,
,,,,,,,,,,,,,,,,,,,,,,,,,,,,,,,,
,,,,,,,,,,,,,,,,,,,,,,,,,,,,,,,,
,,,,,,,,,,,,,,,,,,,,,,,,,,,,,,,,
,,,,,,,,,,,,,,,,,,,,,,,,,,,,,,,,
,,,,,,,,,,,,,,,,,,,,,,,,,,,,,,,,
,,,,,,,,,,,,,,,,,,,,,,,,,,,,,,,,
,,,,,,,,,,,,,,,,,,,,,,,,,,,,,,,,
,,,,,,,,,,,,,,,,,,,,,,,,,,,,,,,,
,,,,,,,,,,,,,,,,,,,,,,,,,,,,,,,,
,,,,,,,,,,,,,,,,,,,,,,,,,,,,,,,,
,,,,,,,,,,,,,,,,,,,,,,,,,,,,,,,,
,,,,,,,,,,,,,,,,,,,,,,,,,,,,,,,,
,,,,,,,,,,,,,,,,,,,,,,,,,,,,,,,,
,,,,,,,,,,,,,,,,,,,,,,,,,,,,,,,,
,,,,,,,,,,,,,,,,,,,,,,,,,,,,,,,,
,,,,,,,,,,,,,,,,,,,,,,,,,,,,,,,,
,,,,,,,,,,,,,,,,,,,,,,,,,,,,,,,,
,,,,,,,,,,,,,,,,,,,,,,,,,,,,,,,,
,,,,,,,,,,,,,,,,,,,,,,,,,,,,,,,,
,,,,,,,,,,,,,,,,,,,,,,,,,,,,,,,,
,,,,,,,,,,,,,,,,,,,,,,,,,,,,,,,,
,,,,,,,,,,,,,,,,,,,,,,,,,,,,,,,,
,,,,,,,,,,,,,,,,,,,,,,,,,,,,,,,,
,,,,,,,,,,,,,,,,,,,,,,,,,,,,,,,,
,,,,,,,,,,,,,,,,,,,,,,,,,,,,,,,,
,,,,,,,,,,,,,,,,,,,,,,,,,,,,,,,,
,,,,,,,,,,,,,,,,,,,,,,,,,,,,,,,,
,,,,,,,,,,,,,,,,,,,,,,,,,,,,,,,,
,,,,,,,,,,,,,,,,,,,,,,,,,,,,,,,,
,,,,,,,,,,,,,,,,,,,,,,,,,,,,,,,,
,,,,,,,,,,,,,,,,,,,,,,,,,,,,,,,,
,,,,,,,,,,,,,,,,,,,,,,,,,,,,,,,,
,,,,,,,,,,,,,,,,,,,,,,,,,,,,,,,,
,,,,,,,,,,,,,,,,,,,,,,,,,,,,,,,,
,,,,,,,,,,,,,,,,,,,,,,,,,,,,,,,,
,,,,,,,,,,,,,,,,,,,,,,,,,,,,,,,,
,,,,,,,,,,,,,,,,,,,,,,,,,,,,,,,,
,,,,,,,,,,,,,,,,,,,,,,,,,,,,,,,,
,,,,,,,,,,,,,,,,,,,,,,,,,,,,,,,,
,,,,,,,,,,,,,,,,,,,,,,,,,,,,,,,,
,,,,,,,,,,,,,,,,,,,,,,,,,,,,,,,,
,,,,,,,,,,,,,,,,,,,,,,,,,,,,,,,,
,,,,,,,,,,,,,,,,,,,,,,,,,,,,,,,,
,,,,,,,,,,,,,,,,,,,,,,,,,,,,,,,,
,,,,,,,,,,,,,,,,,,,,,,,,,,,,,,,,
,,,,,,,,,,,,,,,,,,,,,,,,,,,,,,,,
,,,,,,,,,,,,,,,,,,,,,,,,,,,,,,,,
,,,,,,,,,,,,,,,,,,,,,,,,,,,,,,,,
,,,,,,,,,,,,,,,,,,,,,,,,,,,,,,,,
,,,,,,,,,,,,,,,,,,,,,,,,,,,,,,,,
,,,,,,,,,,,,,,,,,,,,,,,,,,,,,,,,
,,,,,,,,,,,,,,,,,,,,,,,,,,,,,,,,
,,,,,,,,,,,,,,,,,,,,,,,,,,,,,,,,
,,,,,,,,,,,,,,,,,,,,,,,,,,,,,,,,
,,,,,,,,,,,,,,,,,,,,,,,,,,,,,,,,
,,,,,,,,,,,,,,,,,,,,,,,,,,,,,,,,
,,,,,,,,,,,,,,,,,,,,,,,,,,,,,,,,
,,,,,,,,,,,,,,,,,,,,,,,,,,,,,,,,
,,,,,,,,,,,,,,,,,,,,,,,,,,,,,,,,
,,,,,,,,,,,,,,,,,,,,,,,,,,,,,,,,
,,,,,,,,,,,,,,,,,,,,,,,,,,,,,,,,
,,,,,,,,,,,,,,,,,,,,,,,,,,,,,,,,
,,,,,,,,,,,,,,,,,,,,,,,,,,,,,,,,
,,,,,,,,,,,,,,,,,,,,,,,,,,,,,,,,
,,,,,,,,,,,,,,,,,,,,,,,,,,,,,,,,
,,,,,,,,,,,,,,,,,,,,,,,,,,,,,,,,
,,,,,,,,,,,,,,,,,,,,,,,,,,,,,,,,
,,,,,,,,,,,,,,,,,,,,,,,,,,,,,,,,
,,,,,,,,,,,,,,,,,,,,,,,,,,,,,,,,
,,,,,,,,,,,,,,,,,,,,,,,,,,,,,,,,
,,,,,,,,,,,,,,,,,,,,,,,,,,,,,,,,
,,,,,,,,,,,,,,,,,,,,,,,,,,,,,,,,
,,,,,,,,,,,,,,,,,,,,,,,,,,,,,,,,
,,,,,,,,,,,,,,,,,,,,,,,,,,,,,,,,
,,,,,,,,,,,,,,,,,,,,,,,,,,,,,,,,
,,,,,,,,,,,,,,,,,,,,,,,,,,,,,,,,
,,,,,,,,,,,,,,,,,,,,,,,,,,,,,,,,
,,,,,,,,,,,,,,,,,,,,,,,,,,,,,,,,
,,,,,,,,,,,,,,,,,,,,,,,,,,,,,,,,
,,,,,,,,,,,,,,,,,,,,,,,,,,,,,,,,
,,,,,,,,,,,,,,,,,,,,,,,,,,,,,,,,
,,,,,,,,,,,,,,,,,,,,,,,,,,,,,,,,
,,,,,,,,,,,,,,,,,,,,,,,,,,,,,,,,
,,,,,,,,,,,,,,,,,,,,,,,,,,,,,,,,
,,,,,,,,,,,,,,,,,,,,,,,,,,,,,,,,
,,,,,,,,,,,,,,,,,,,,,,,,,,,,,,,,
,,,,,,,,,,,,,,,,,,,,,,,,,,,,,,,,
,,,,,,,,,,,,,,,,,,,,,,,,,,,,,,,,
,,,,,,,,,,,,,,,,,,,,,,,,,,,,,,,,
,,,,,,,,,,,,,,,,,,,,,,,,,,,,,,,,
,,,,,,,,,,,,,,,,,,,,,,,,,,,,,,,,
,,,,,,,,,,,,,,,,,,,,,,,,,,,,,,,,
,,,,,,,,,,,,,,,,,,,,,,,,,,,,,,,,
,,,,,,,,,,,,,,,,,,,,,,,,,,,,,,,,
,,,,,,,,,,,,,,,,,,,,,,,,,,,,,,,,
,,,,,,,,,,,,,,,,,,,,,,,,,,,,,,,,
,,,,,,,,,,,,,,,,,,,,,,,,,,,,,,,,
,,,,,,,,,,,,,,,,,,,,,,,,,,,,,,,,
,,,,,,,,,,,,,,,,,,,,,,,,,,,,,,,,
,,,,,,,,,,,,,,,,,,,,,,,,,,,,,,,,
,,,,,,,,,,,,,,,,,,,,,,,,,,,,,,,,
,,,,,,,,,,,,,,,,,,,,,,,,,,,,,,,,
,,,,,,,,,,,,,,,,,,,,,,,,,,,,,,,,
,,,,,,,,,,,,,,,,,,,,,,,,,,,,,,,,
,,,,,,,,,,,,,,,,,,,,,,,,,,,,,,,,
,,,,,,,,,,,,,,,,,,,,,,,,,,,,,,,,
,,,,,,,,,,,,,,,,,,,,,,,,,,,,,,,,
,,,,,,,,,,,,,,,,,,,,,,,,,,,,,,,,
,,,,,,,,,,,,,,,,,,,,,,,,,,,,,,,,
,,,,,,,,,,,,,,,,,,,,,,,,,,,,,,,,
,,,,,,,,,,,,,,,,,,,,,,,,,,,,,,,,
,,,,,,,,,,,,,,,,,,,,,,,,,,,,,,,,
,,,,,,,,,,,,,,,,,,,,,,,,,,,,,,,,
,,,,,,,,,,,,,,,,,,,,,,,,,,,,,,,,
,,,,,,,,,,,,,,,,,,,,,,,,,,,,,,,,
,,,,,,,,,,,,,,,,,,,,,,,,,,,,,,,,
,,,,,,,,,,,,,,,,,,,,,,,,,,,,,,,,
,,,,,,,,,,,,,,,,,,,,,,,,,,,,,,,,
,,,,,,,,,,,,,,,,,,,,,,,,,,,,,,,,
,,,,,,,,,,,,,,,,,,,,,,,,,,,,,,,,
,,,,,,,,,,,,,,,,,,,,,,,,,,,,,,,,
,,,,,,,,,,,,,,,,,,,,,,,,,,,,,,,,
,,,,,,,,,,,,,,,,,,,,,,,,,,,,,,,,
,,,,,,,,,,,,,,,,,,,,,,,,,,,,,,,,
,,,,,,,,,,,,,,,,,,,,,,,,,,,,,,,,
,,,,,,,,,,,,,,,,,,,,,,,,,,,,,,,,
,,,,,,,,,,,,,,,,,,,,,,,,,,,,,,,,
,,,,,,,,,,,,,,,,,,,,,,,,,,,,,,,,
,,,,,,,,,,,,,,,,,,,,,,,,,,,,,,,,
,,,,,,,,,,,,,,,,,,,,,,,,,,,,,,,,
,,,,,,,,,,,,,,,,,,,,,,,,,,,,,,,,
,,,,,,,,,,,,,,,,,,,,,,,,,,,,,,,,
,,,,,,,,,,,,,,,,,,,,,,,,,,,,,,,,
,,,,,,,,,,,,,,,,,,,,,,,,,,,,,,,,
,,,,,,,,,,,,,,,,,,,,,,,,,,,,,,,,
,,,,,,,,,,,,,,,,,,,,,,,,,,,,,,,,
,,,,,,,,,,,,,,,,,,,,,,,,,,,,,,,,
,,,,,,,,,,,,,,,,,,,,,,,,,,,,,,,,
,,,,,,,,,,,,,,,,,,,,,,,,,,,,,,,,
,,,,,,,,,,,,,,,,,,,,,,,,,,,,,,,,
,,,,,,,,,,,,,,,,,,,,,,,,,,,,,,,,
,,,,,,,,,,,,,,,,,,,,,,,,,,,,,,,,
,,,,,,,,,,,,,,,,,,,,,,,,,,,,,,,,
,,,,,,,,,,,,,,,,,,,,,,,,,,,,,,,,
,,,,,,,,,,,,,,,,,,,,,,,,,,,,,,,,
,,,,,,,,,,,,,,,,,,,,,,,,,,,,,,,,
,,,,,,,,,,,,,,,,,,,,,,,,,,,,,,,,
,,,,,,,,,,,,,,,,,,,,,,,,,,,,,,,,
,,,,,,,,,,,,,,,,,,,,,,,,,,,,,,,,
,,,,,,,,,,,,,,,,,,,,,,,,,,,,,,,,
,,,,,,,,,,,,,,,,,,,,,,,,,,,,,,,,
,,,,,,,,,,,,,,,,,,,,,,,,,,,,,,,,
,,,,,,,,,,,,,,,,,,,,,,,,,,,,,,,,
,,,,,,,,,,,,,,,,,,,,,,,,,,,,,,,,
,,,,,,,,,,,,,,,,,,,,,,,,,,,,,,,,
,,,,,,,,,,,,,,,,,,,,,,,,,,,,,,,,
,,,,,,,,,,,,,,,,,,,,,,,,,,,,,,,,
,,,,,,,,,,,,,,,,,,,,,,,,,,,,,,,,
,,,,,,,,,,,,,,,,,,,,,,,,,,,,,,,,
,,,,,,,,,,,,,,,,,,,,,,,,,,,,,,,,
,,,,,,,,,,,,,,,,,,,,,,,,,,,,,,,,
,,,,,,,,,,,,,,,,,,,,,,,,,,,,,,,,
,,,,,,,,,,,,,,,,,,,,,,,,,,,,,,,,
,,,,,,,,,,,,,,,,,,,,,,,,,,,,,,,,
,,,,,,,,,,,,,,,,,,,,,,,,,,,,,,,,
,,,,,,,,,,,,,,,,,,,,,,,,,,,,,,,,
,,,,,,,,,,,,,,,,,,,,,,,,,,,,,,,,
,,,,,,,,,,,,,,,,,,,,,,,,,,,,,,,,
,,,,,,,,,,,,,,,,,,,,,,,,,,,,,,,,
,,,,,,,,,,,,,,,,,,,,,,,,,,,,,,,,
,,,,,,,,,,,,,,,,,,,,,,,,,,,,,,,,
,,,,,,,,,,,,,,,,,,,,,,,,,,,,,,,,
,,,,,,,,,,,,,,,,,,,,,,,,,,,,,,,,
,,,,,,,,,,,,,,,,,,,,,,,,,,,,,,,,
,,,,,,,,,,,,,,,,,,,,,,,,,,,,,,,,
,,,,,,,,,,,,,,,,,,,,,,,,,,,,,,,,
,,,,,,,,,,,,,,,,,,,,,,,,,,,,,,,,
,,,,,,,,,,,,,,,,,,,,,,,,,,,,,,,,
,,,,,,,,,,,,,,,,,,,,,,,,,,,,,,,,
,,,,,,,,,,,,,,,,,,,,,,,,,,,,,,,,
,,,,,,,,,,,,,,,,,,,,,,,,,,,,,,,,
,,,,,,,,,,,,,,,,,,,,,,,,,,,,,,,,
,,,,,,,,,,,,,,,,,,,,,,,,,,,,,,,,
,,,,,,,,,,,,,,,,,,,,,,,,,,,,,,,,
,,,,,,,,,,,,,,,,,,,,,,,,,,,,,,,,
,,,,,,,,,,,,,,,,,,,,,,,,,,,,,,,,
,,,,,,,,,,,,,,,,,,,,,,,,,,,,,,,,
,,,,,,,,,,,,,,,,,,,,,,,,,,,,,,,,
,,,,,,,,,,,,,,,,,,,,,,,,,,,,,,,,
,,,,,,,,,,,,,,,,,,,,,,,,,,,,,,,,
,,,,,,,,,,,,,,,,,,,,,,,,,,,,,,,,
,,,,,,,,,,,,,,,,,,,,,,,,,,,,,,,,
,,,,,,,,,,,,,,,,,,,,,,,,,,,,,,,,
,,,,,,,,,,,,,,,,,,,,,,,,,,,,,,,,
,,,,,,,,,,,,,,,,,,,,,,,,,,,,,,,,
,,,,,,,,,,,,,,,,,,,,,,,,,,,,,,,,
,,,,,,,,,,,,,,,,,,,,,,,,,,,,,,,,
,,,,,,,,,,,,,,,,,,,,,,,,,,,,,,,,
,,,,,,,,,,,,,,,,,,,,,,,,,,,,,,,,
,,,,,,,,,,,,,,,,,,,,,,,,,,,,,,,,
,,,,,,,,,,,,,,,,,,,,,,,,,,,,,,,,
,,,,,,,,,,,,,,,,,,,,,,,,,,,,,,,,
,,,,,,,,,,,,,,,,,,,,,,,,,,,,,,,,
,,,,,,,,,,,,,,,,,,,,,,,,,,,,,,,,
,,,,,,,,,,,,,,,,,,,,,,,,,,,,,,,,
,,,,,,,,,,,,,,,,,,,,,,,,,,,,,,,,
,,,,,,,,,,,,,,,,,,,,,,,,,,,,,,,,
,,,,,,,,,,,,,,,,,,,,,,,,,,,,,,,,
,,,,,,,,,,,,,,,,,,,,,,,,,,,,,,,,
,,,,,,,,,,,,,,,,,,,,,,,,,,,,,,,,
,,,,,,,,,,,,,,,,,,,,,,,,,,,,,,,,
,,,,,,,,,,,,,,,,,,,,,,,,,,,,,,,,
,,,,,,,,,,,,,,,,,,,,,,,,,,,,,,,,
,,,,,,,,,,,,,,,,,,,,,,,,,,,,,,,,
,,,,,,,,,,,,,,,,,,,,,,,,,,,,,,,,
,,,,,,,,,,,,,,,,,,,,,,,,,,,,,,,,
,,,,,,,,,,,,,,,,,,,,,,,,,,,,,,,,
,,,,,,,,,,,,,,,,,,,,,,,,,,,,,,,,
,,,,,,,,,,,,,,,,,,,,,,,,,,,,,,,,
,,,,,,,,,,,,,,,,,,,,,,,,,,,,,,,,
,,,,,,,,,,,,,,,,,,,,,,,,,,,,,,,,
,,,,,,,,,,,,,,,,,,,,,,,,,,,,,,,,
,,,,,,,,,,,,,,,,,,,,,,,,,,,,,,,,
,,,,,,,,,,,,,,,,,,,,,,,,,,,,,,,,
,,,,,,,,,,,,,,,,,,,,,,,,,,,,,,,,
,,,,,,,,,,,,,,,,,,,,,,,,,,,,,,,,
,,,,,,,,,,,,,,,,,,,,,,,,,,,,,,,,
,,,,,,,,,,,,,,,,,,,,,,,,,,,,,,,,
,,,,,,,,,,,,,,,,,,,,,,,,,,,,,,,,
,,,,,,,,,,,,,,,,,,,,,,,,,,,,,,,,
,,,,,,,,,,,,,,,,,,,,,,,,,,,,,,,,
,,,,,,,,,,,,,,,,,,,,,,,,,,,,,,,,
,,,,,,,,,,,,,,,,,,,,,,,,,,,,,,,,
,,,,,,,,,,,,,,,,,,,,,,,,,,,,,,,,
,,,,,,,,,,,,,,,,,,,,,,,,,,,,,,,,
,,,,,,,,,,,,,,,,,,,,,,,,,,,,,,,,
,,,,,,,,,,,,,,,,,,,,,,,,,,,,,,,,
,,,,,,,,,,,,,,,,,,,,,,,,,,,,,,,,
,,,,,,,,,,,,,,,,,,,,,,,,,,,,,,,,
,,,,,,,,,,,,,,,,,,,,,,,,,,,,,,,,
,,,,,,,,,,,,,,,,,,,,,,,,,,,,,,,,
,,,,,,,,,,,,,,,,,,,,,,,,,,,,,,,,
,,,,,,,,,,,,,,,,,,,,,,,,,,,,,,,,
,,,,,,,,,,,,,,,,,,,,,,,,,,,,,,,,
,,,,,,,,,,,,,,,,,,,,,,,,,,,,,,,,
,,,,,,,,,,,,,,,,,,,,,,,,,,,,,,,,
,,,,,,,,,,,,,,,,,,,,,,,,,,,,,,,,
,,,,,,,,,,,,,,,,,,,,,,,,,,,,,,,,
,,,,,,,,,,,,,,,,,,,,,,,,,,,,,,,,
,,,,,,,,,,,,,,,,,,,,,,,,,,,,,,,,
,,,,,,,,,,,,,,,,,,,,,,,,,,,,,,,,
,,,,,,,,,,,,,,,,,,,,,,,,,,,,,,,,
,,,,,,,,,,,,,,,,,,,,,,,,,,,,,,,,
,,,,,,,,,,,,,,,,,,,,,,,,,,,,,,,,
,,,,,,,,,,,,,,,,,,,,,,,,,,,,,,,,
,,,,,,,,,,,,,,,,,,,,,,,,,,,,,,,,
,,,,,,,,,,,,,,,,,,,,,,,,,,,,,,,,
,,,,,,,,,,,,,,,,,,,,,,,,,,,,,,,,
,,,,,,,,,,,,,,,,,,,,,,,,,,,,,,,,
,,,,,,,,,,,,,,,,,,,,,,,,,,,,,,,,
,,,,,,,,,,,,,,,,,,,,,,,,,,,,,,,,
,,,,,,,,,,,,,,,,,,,,,,,,,,,,,,,,
,,,,,,,,,,,,,,,,,,,,,,,,,,,,,,,,
,,,,,,,,,,,,,,,,,,,,,,,,,,,,,,,,
,,,,,,,,,,,,,,,,,,,,,,,,,,,,,,,,
,,,,,,,,,,,,,,,,,,,,,,,,,,,,,,,,
,,,,,,,,,,,,,,,,,,,,,,,,,,,,,,,,
,,,,,,,,,,,,,,,,,,,,,,,,,,,,,,,,
,,,,,,,,,,,,,,,,,,,,,,,,,,,,,,,,
,,,,,,,,,,,,,,,,,,,,,,,,,,,,,,,,
,,,,,,,,,,,,,,,,,,,,,,,,,,,,,,,,
,,,,,,,,,,,,,,,,,,,,,,,,,,,,,,,,
,,,,,,,,,,,,,,,,,,,,,,,,,,,,,,,,
,,,,,,,,,,,,,,,,,,,,,,,,,,,,,,,,
,,,,,,,,,,,,,,,,,,,,,,,,,,,,,,,,
,,,,,,,,,,,,,,,,,,,,,,,,,,,,,,,,
,,,,,,,,,,,,,,,,,,,,,,,,,,,,,,,,
,,,,,,,,,,,,,,,,,,,,,,,,,,,,,,,,
,,,,,,,,,,,,,,,,,,,,,,,,,,,,,,,,
,,,,,,,,,,,,,,,,,,,,,,,,,,,,,,,,
,,,,,,,,,,,,,,,,,,,,,,,,,,,,,,,,
,,,,,,,,,,,,,,,,,,,,,,,,,,,,,,,,
,,,,,,,,,,,,,,,,,,,,,,,,,,,,,,,,
,,,,,,,,,,,,,,,,,,,,,,,,,,,,,,,,
,,,,,,,,,,,,,,,,,,,,,,,,,,,,,,,,
,,,,,,,,,,,,,,,,,,,,,,,,,,,,,,,,
,,,,,,,,,,,,,,,,,,,,,,,,,,,,,,,,
,,,,,,,,,,,,,,,,,,,,,,,,,,,,,,,,
,,,,,,,,,,,,,,,,,,,,,,,,,,,,,,,,
,,,,,,,,,,,,,,,,,,,,,,,,,,,,,,,,
,,,,,,,,,,,,,,,,,,,,,,,,,,,,,,,,
,,,,,,,,,,,,,,,,,,,,,,,,,,,,,,,,
,,,,,,,,,,,,,,,,,,,,,,,,,,,,,,,,
,,,,,,,,,,,,,,,,,,,,,,,,,,,,,,,,
,,,,,,,,,,,,,,,,,,,,,,,,,,,,,,,,
,,,,,,,,,,,,,,,,,,,,,,,,,,,,,,,,
,,,,,,,,,,,,,,,,,,,,,,,,,,,,,,,,
,,,,,,,,,,,,,,,,,,,,,,,,,,,,,,,,
,,,,,,,,,,,,,,,,,,,,,,,,,,,,,,,,
,,,,,,,,,,,,,,,,,,,,,,,,,,,,,,,,
,,,,,,,,,,,,,,,,,,,,,,,,,,,,,,,,
,,,,,,,,,,,,,,,,,,,,,,,,,,,,,,,,
,,,,,,,,,,,,,,,,,,,,,,,,,,,,,,,,
,,,,,,,,,,,,,,,,,,,,,,,,,,,,,,,,
,,,,,,,,,,,,,,,,,,,,,,,,,,,,,,,,
,,,,,,,,,,,,,,,,,,,,,,,,,,,,,,,,
,,,,,,,,,,,,,,,,,,,,,,,,,,,,,,,,
,,,,,,,,,,,,,,,,,,,,,,,,,,,,,,,,
,,,,,,,,,,,,,,,,,,,,,,,,,,,,,,,,
,,,,,,,,,,,,,,,,,,,,,,,,,,,,,,,,
,,,,,,,,,,,,,,,,,,,,,,,,,,,,,,,,
,,,,,,,,,,,,,,,,,,,,,,,,,,,,,,,,
,,,,,,,,,,,,,,,,,,,,,,,,,,,,,,,,
,,,,,,,,,,,,,,,,,,,,,,,,,,,,,,,,
,,,,,,,,,,,,,,,,,,,,,,,,,,,,,,,,
,,,,,,,,,,,,,,,,,,,,,,,,,,,,,,,,
,,,,,,,,,,,,,,,,,,,,,,,,,,,,,,,,
,,,,,,,,,,,,,,,,,,,,,,,,,,,,,,,,
,,,,,,,,,,,,,,,,,,,,,,,,,,,,,,,,
,,,,,,,,,,,,,,,,,,,,,,,,,,,,,,,,
,,,,,,,,,,,,,,,,,,,,,,,,,,,,,,,,
,,,,,,,,,,,,,,,,,,,,,,,,,,,,,,,,
,,,,,,,,,,,,,,,,,,,,,,,,,,,,,,,,
,,,,,,,,,,,,,,,,,,,,,,,,,,,,,,,,
,,,,,,,,,,,,,,,,,,,,,,,,,,,,,,,,
,,,,,,,,,,,,,,,,,,,,,,,,,,,,,,,,
,,,,,,,,,,,,,,,,,,,,,,,,,,,,,,,,
,,,,,,,,,,,,,,,,,,,,,,,,,,,,,,,,
,,,,,,,,,,,,,,,,,,,,,,,,,,,,,,,,
,,,,,,,,,,,,,,,,,,,,,,,,,,,,,,,,
,,,,,,,,,,,,,,,,,,,,,,,,,,,,,,,,
,,,,,,,,,,,,,,,,,,,,,,,,,,,,,,,,
,,,,,,,,,,,,,,,,,,,,,,,,,,,,,,,,
,,,,,,,,,,,,,,,,,,,,,,,,,,,,,,,,
,,,,,,,,,,,,,,,,,,,,,,,,,,,,,,,,
,,,,,,,,,,,,,,,,,,,,,,,,,,,,,,,,
,,,,,,,,,,,,,,,,,,,,,,,,,,,,,,,,
,,,,,,,,,,,,,,,,,,,,,,,,,,,,,,,,
,,,,,,,,,,,,,,,,,,,,,,,,,,,,,,,,
,,,,,,,,,,,,,,,,,,,,,,,,,,,,,,,,
,,,,,,,,,,,,,,,,,,,,,,,,,,,,,,,,
,,,,,,,,,,,,,,,,,,,,,,,,,,,,,,,,
,,,,,,,,,,,,,,,,,,,,,,,,,,,,,,,,
,,,,,,,,,,,,,,,,,,,,,,,,,,,,,,,,
,,,,,,,,,,,,,,,,,,,,,,,,,,,,,,,,
,,,,,,,,,,,,,,,,,,,,,,,,,,,,,,,,
,,,,,,,,,,,,,,,,,,,,,,,,,,,,,,,,
,,,,,,,,,,,,,,,,,,,,,,,,,,,,,,,,
,,,,,,,,,,,,,,,,,,,,,,,,,,,,,,,,
,,,,,,,,,,,,,,,,,,,,,,,,,,,,,,,,
,,,,,,,,,,,,,,,,,,,,,,,,,,,,,,,,
,,,,,,,,,,,,,,,,,,,,,,,,,,,,,,,,
,,,,,,,,,,,,,,,,,,,,,,,,,,,,,,,,
,,,,,,,,,,,,,,,,,,,,,,,,,,,,,,,,
,,,,,,,,,,,,,,,,,,,,,,,,,,,,,,,,
,,,,,,,,,,,,,,,,,,,,,,,,,,,,,,,,
,,,,,,,,,,,,,,,,,,,,,,,,,,,,,,,,
,,,,,,,,,,,,,,,,,,,,,,,,,,,,,,,,
,,,,,,,,,,,,,,,,,,,,,,,,,,,,,,,,
,,,,,,,,,,,,,,,,,,,,,,,,,,,,,,,,
,,,,,,,,,,,,,,,,,,,,,,,,,,,,,,,,
,,,,,,,,,,,,,,,,,,,,,,,,,,,,,,,,
,,,,,,,,,,,,,,,,,,,,,,,,,,,,,,,,
,,,,,,,,,,,,,,,,,,,,,,,,,,,,,,,,
,,,,,,,,,,,,,,,,,,,,,,,,,,,,,,,,
,,,,,,,,,,,,,,,,,,,,,,,,,,,,,,,,
,,,,,,,,,,,,,,,,,,,,,,,,,,,,,,,,
,,,,,,,,,,,,,,,,,,,,,,,,,,,,,,,,
,,,,,,,,,,,,,,,,,,,,,,,,,,,,,,,,
,,,,,,,,,,,,,,,,,,,,,,,,,,,,,,,,
,,,,,,,,,,,,,,,,,,,,,,,,,,,,,,,,
,,,,,,,,,,,,,,,,,,,,,,,,,,,,,,,,
,,,,,,,,,,,,,,,,,,,,,,,,,,,,,,,,
,,,,,,,,,,,,,,,,,,,,,,,,,,,,,,,,
,,,,,,,,,,,,,,,,,,,,,,,,,,,,,,,,
,,,,,,,,,,,,,,,,,,,,,,,,,,,,,,,,
,,,,,,,,,,,,,,,,,,,,,,,,,,,,,,,,
,,,,,,,,,,,,,,,,,,,,,,,,,,,,,,,,
,,,,,,,,,,,,,,,,,,,,,,,,,,,,,,,,
,,,,,,,,,,,,,,,,,,,,,,,,,,,,,,,,
,,,,,,,,,,,,,,,,,,,,,,,,,,,,,,,,
,,,,,,,,,,,,,,,,,,,,,,,,,,,,,,,,
,,,,,,,,,,,,,,,,,,,,,,,,,,,,,,,,
,,,,,,,,,,,,,,,,,,,,,,,,,,,,,,,,
,,,,,,,,,,,,,,,,,,,,,,,,,,,,,,,,
,,,,,,,,,,,,,,,,,,,,,,,,,,,,,,,,
,,,,,,,,,,,,,,,,,,,,,,,,,,,,,,,,
,,,,,,,,,,,,,,,,,,,,,,,,,,,,,,,,
,,,,,,,,,,,,,,,,,,,,,,,,,,,,,,,,
,,,,,,,,,,,,,,,,,,,,,,,,,,,,,,,,
,,,,,,,,,,,,,,,,,,,,,,,,,,,,,,,,
,,,,,,,,,,,,,,,,,,,,,,,,,,,,,,,,
,,,,,,,,,,,,,,,,,,,,,,,,,,,,,,,,
,,,,,,,,,,,,,,,,,,,,,,,,,,,,,,,,
,,,,,,,,,,,,,,,,,,,,,,,,,,,,,,,,
,,,,,,,,,,,,,,,,,,,,,,,,,,,,,,,,
,,,,,,,,,,,,,,,,,,,,,,,,,,,,,,,,
,,,,,,,,,,,,,,,,,,,,,,,,,,,,,,,,
,,,,,,,,,,,,,,,,,,,,,,,,,,,,,,,,
,,,,,,,,,,,,,,,,,,,,,,,,,,,,,,,,
,,,,,,,,,,,,,,,,,,,,,,,,,,,,,,,,
,,,,,,,,,,,,,,,,,,,,,,,,,,,,,,,,
,,,,,,,,,,,,,,,,,,,,,,,,,,,,,,,,
,,,,,,,,,,,,,,,,,,,,,,,,,,,,,,,,
,,,,,,,,,,,,,,,,,,,,,,,,,,,,,,,,
,,,,,,,,,,,,,,,,,,,,,,,,,,,,,,,,
,,,,,,,,,,,,,,,,,,,,,,,,,,,,,,,,
,,,,,,,,,,,,,,,,,,,,,,,,,,,,,,,,
,,,,,,,,,,,,,,,,,,,,,,,,,,,,,,,,
,,,,,,,,,,,,,,,,,,,,,,,,,,,,,,,,
,,,,,,,,,,,,,,,,,,,,,,,,,,,,,,,,
,,,,,,,,,,,,,,,,,,,,,,,,,,,,,,,,
,,,,,,,,,,,,,,,,,,,,,,,,,,,,,,,,
,,,,,,,,,,,,,,,,,,,,,,,,,,,,,,,,
,,,,,,,,,,,,,,,,,,,,,,,,,,,,,,,,
,,,,,,,,,,,,,,,,,,,,,,,,,,,,,,,,
,,,,,,,,,,,,,,,,,,,,,,,,,,,,,,,,
,,,,,,,,,,,,,,,,,,,,,,,,,,,,,,,,
,,,,,,,,,,,,,,,,,,,,,,,,,,,,,,,,
,,,,,,,,,,,,,,,,,,,,,,,,,,,,,,,,
,,,,,,,,,,,,,,,,,,,,,,,,,,,,,,,,
,,,,,,,,,,,,,,,,,,,,,,,,,,,,,,,,
,,,,,,,,,,,,,,,,,,,,,,,,,,,,,,,,
,,,,,,,,,,,,,,,,,,,,,,,,,,,,,,,,
,,,,,,,,,,,,,,,,,,,,,,,,,,,,,,,,
,,,,,,,,,,,,,,,,,,,,,,,,,,,,,,,,
,,,,,,,,,,,,,,,,,,,,,,,,,,,,,,,,
,,,,,,,,,,,,,,,,,,,,,,,,,,,,,,,,
,,,,,,,,,,,,,,,,,,,,,,,,,,,,,,,,
,,,,,,,,,,,,,,,,,,,,,,,,,,,,,,,,
,,,,,,,,,,,,,,,,,,,,,,,,,,,,,,,,
,,,,,,,,,,,,,,,,,,,,,,,,,,,,,,,,
,,,,,,,,,,,,,,,,,,,,,,,,,,,,,,,,
,,,,,,,,,,,,,,,,,,,,,,,,,,,,,,,,
,,,,,,,,,,,,,,,,,,,,,,,,,,,,,,,,
,,,,,,,,,,,,,,,,,,,,,,,,,,,,,,,,
,,,,,,,,,,,,,,,,,,,,,,,,,,,,,,,,
,,,,,,,,,,,,,,,,,,,,,,,,,,,,,,,,
,,,,,,,,,,,,,,,,,,,,,,,,,,,,,,,,
,,,,,,,,,,,,,,,,,,,,,,,,,,,,,,,,
,,,,,,,,,,,,,,,,,,,,,,,,,,,,,,,,
,,,,,,,,,,,,,,,,,,,,,,,,,,,,,,,,
,,,,,,,,,,,,,,,,,,,,,,,,,,,,,,,,
,,,,,,,,,,,,,,,,,,,,,,,,,,,,,,,,
,,,,,,,,,,,,,,,,,,,,,,,,,,,,,,,,
,,,,,,,,,,,,,,,,,,,,,,,,,,,,,,,,
,,,,,,,,,,,,,,,,,,,,,,,,,,,,,,,,
,,,,,,,,,,,,,,,,,,,,,,,,,,,,,,,,
,,,,,,,,,,,,,,,,,,,,,,,,,,,,,,,,
,,,,,,,,,,,,,,,,,,,,,,,,,,,,,,,,
,,,,,,,,,,,,,,,,,,,,,,,,,,,,,,,,
,,,,,,,,,,,,,,,,,,,,,,,,,,,,,,,,
,,,,,,,,,,,,,,,,,,,,,,,,,,,,,,,,
,,,,,,,,,,,,,,,,,,,,,,,,,,,,,,,,
,,,,,,,,,,,,,,,,,,,,,,,,,,,,,,,,
,,,,,,,,,,,,,,,,,,,,,,,,,,,,,,,,
,,,,,,,,,,,,,,,,,,,,,,,,,,,,,,,,
,,,,,,,,,,,,,,,,,,,,,,,,,,,,,,,,
,,,,,,,,,,,,,,,,,,,,,,,,,,,,,,,,
